Actual_CO_GT,Predicted_CO_GT,Residual
1.0,1.1425415176815177,-0.14254151768151768
2.4,2.3284001193251185,0.07159988067488143
2.4,2.8266218736007587,-0.42662187360075876
4.6,4.278801604700715,0.32119839529928473
2.5,1.2064588044191773,1.2935411955808227
1.7,1.5584572148791704,0.14154278512082952
1.9,1.9721905828205004,-0.0721905828205005
1.7,1.7401213211053772,-0.04012132110537725
2.9,2.511149044011544,0.3888509559884561
3.0,3.0969939170843777,-0.09699391708437766
4.2,3.7886129773820945,0.4113870226179057
1.6,1.5505533310177066,0.04944666898229344
2.0,2.0230674854951447,-0.0230674854951447
1.8,1.8323686046511671,-0.03236860465116709
2.6,2.4343596055088694,0.16564039449113066
1.8,1.8057931485569887,-0.005793148556988648
2.8,3.1293293605699843,-0.3293293605699845
2.4,2.225481027512594,0.1745189724874061
1.8,2.1284308391799818,-0.3284308391799817
1.0,1.0080804308369484,-0.008080430836948427
3.0,2.014632724699733,0.9853672753002671
3.3,3.066298935786435,0.23370106421356462
2.4,3.414387678299578,-1.014387678299578
2.4,2.1908214580836134,0.20917854191638652
1.6,2.1036204577025597,-0.5036204577025596
1.8,1.8709809295811408,-0.07098092958114077
0.9,0.9907757762913464,-0.09077577629134637
2.7,2.6729816558441555,0.027018344155844698
0.9,0.95544531850215,-0.055445318502149954
1.8,1.7793725114447227,0.020627488555277296
1.9,2.067691486291487,-0.1676914862914871
2.1,1.81912448201222,0.28087551798778
2.2,2.618860948773447,-0.41886094877344693
1.8,3.491786441847628,-1.691786441847628
3.8,3.219082341269841,0.5809176587301588
1.8,1.7756468996689654,0.02435310033103466
2.6,2.654568048856884,-0.054568048856884044
3.4,2.8645197205572224,0.5354802794427775
1.3,1.4283138483248763,-0.12831384832487625
1.8,1.7967460537332496,0.0032539462667504626
1.5,1.656489228706076,-0.15648922870607596
1.5,1.4489836768904076,0.051016323109592365
1.7,1.5138503294826868,0.18614967051731313
3.1,2.8962503041256964,0.2037496958743037
1.4,1.4467357420622675,-0.046735742062267605
2.4,2.286155839019529,0.11384416098047101
1.8,1.316249627578304,0.48375037242169605
0.9,1.1687811059631252,-0.2687811059631252
2.1,2.1107562993231017,-0.010756299323101626
2.1,2.3261928877282134,-0.22619288772821333
1.7,2.07168770282535,-0.37168770282535024
1.0,0.9563684263902654,0.043631573609734575
1.7,1.6644810934160807,0.03551890658391921
1.0,1.1048440916157065,-0.10484409161570651
1.8,1.8169898450796955,-0.016989845079695476
0.2,1.0060896878121879,-0.8060896878121879
2.2,2.2407265377521477,-0.04072653775214752
3.4,3.48958906328879,-0.0895890632887899
2.1,2.086695084383768,0.013304915616231927
1.8,1.7057159233478902,0.0942840766521098
1.6,1.3054674077471802,0.2945325922528199
1.0,0.8845428509854721,0.11545714901452786
1.4,1.340904886147527,0.0590951138524729
3.8,3.05814309163059,0.7418569083694098
0.7,0.9163052995789456,-0.21630529957894562
1.7,1.6278338358993654,0.07216616410063459
1.8,0.991228590884781,0.808771409115219
2.4,3.2793174387248065,-0.8793174387248066
1.7,1.4610064750172098,0.23899352498279014
2.4,2.2426476413375642,0.1573523586624357
2.1,1.7375392908161624,0.36246070918383766
1.4,1.2647724170226198,0.13522758297738013
1.8,1.8273633866522265,-0.027363386652226485
1.8,3.7371890971314867,-1.9371890971314867
1.8,1.7344305152891757,0.06556948471082436
0.3,0.33388924245497753,-0.03388924245497754
2.3,2.3871990800865808,-0.08719908008658095
4.3,3.857163841011092,0.4428361589889076
2.8,2.7130901968414953,0.0869098031585045
3.5,3.3079871725974503,0.19201282740254966
2.5,2.3878791722351047,0.11212082776489529
2.3,1.990346145809117,0.30965385419088287
1.8,1.1469202905974591,0.6530797094025409
1.2,1.0437795064741737,0.15622049352582623
1.1,1.0984907900259078,0.0015092099740923182
0.9,1.0461824287294093,-0.14618242872940923
1.2,1.212033859194254,-0.012033859194254148
0.2,0.8141996896271295,-0.6141996896271296
3.4,3.248989935303344,0.1510100646966559
0.6,0.738014887149454,-0.13801488714945398
0.9,0.7093017559894222,0.19069824401057778
1.8,1.7793333333333397,0.020666666666660394
4.3,3.805311740182349,0.49468825981765097
1.4,1.051525272599893,0.348474727400107
1.8,1.7500041666666726,0.049995833333327466
2.9,2.9857876250053024,-0.08578762500530246
1.9,1.8792876962241818,0.02071230377581812
1.7,1.528841438872797,0.17115856112720285
1.4,1.418830714151214,-0.018830714151214067
1.1,1.4385857556822266,-0.3385857556822265
0.8,0.8735199225579164,-0.0735199225579164
2.8,2.6648826303402573,0.13511736965974253
2.0,1.4551911323766102,0.5448088676233898
1.8,1.7895624108650074,0.010437589134992598
0.7,0.9801573481134355,-0.2801573481134355
2.1,2.4426624120427975,-0.34266241204279746
0.8,1.0024940976566348,-0.20249409765663473
2.3,2.1154957662553766,0.18450423374462321
0.8,2.6889968614718613,-1.8889968614718613
2.8,2.4374942620825184,0.3625057379174814
1.8,1.361842191529549,0.43815780847045094
1.8,1.8209142874955697,-0.020914287495569672
0.6,0.6119374914396745,-0.011937491439674486
1.7,1.6670043234559222,0.03299567654407776
4.2,3.8897817011305698,0.3102182988694304
1.0,0.9853884123692802,0.014611587630719791
0.2,0.959433584081999,-0.759433584081999
1.3,1.123355668960311,0.17664433103968902
1.4,1.3868536235654139,0.013146376434586049
3.4,3.155945304232802,0.24405469576719785
1.3,1.3736651219053257,-0.0736651219053257
1.0,0.8809135988070774,0.11908640119292258
0.6,0.5036767557669379,0.09632324423306204
2.4,2.394148334779255,0.005851665220744984
1.5,1.7295089349817692,-0.22950893498176916
1.8,1.8252412236987885,-0.02524122369878845
1.0,0.9593738461134887,0.04062615388651125
4.7,4.222714862914863,0.4772851370851372
3.4,4.245819895382394,-0.8458198953823941
0.3,0.4320992714243798,-0.13209927142437983
2.1,1.7862042370341729,0.31379576296582723
1.8,1.7448366300077907,0.05516336999220939
2.7,2.45811718998042,0.24188281001958023
0.7,0.759287854380348,-0.059287854380348004
0.3,0.4227421971819031,-0.1227421971819031
3.1,2.8444796795427902,0.25552032045720985
1.7,1.9418423980548443,-0.2418423980548443
1.8,1.6611135932989618,0.13888640670103825
2.2,1.918647941112621,0.28135205888737924
0.8,0.8925458474860778,-0.09254584748607775
1.9,1.9535621114671187,-0.053562111467118756
2.1,2.5172170407118934,-0.41721704071189336
1.8,1.8717709856035472,-0.07177098560354711
1.8,1.8821344827586233,-0.08213448275862323
1.0,1.547931321818501,-0.5479313218185009
3.6,3.39806407828283,0.2019359217171699
1.4,1.3680485182521511,0.03195148174784879
1.2,1.4171899862881308,-0.2171899862881308
2.2,1.5777240681071414,0.6222759318928588
2.6,2.3898906899228156,0.21010931007718447
1.2,1.147408570799667,0.052591429200332884
0.6,0.6453652680928639,-0.0453652680928639
1.4,1.3913457348041611,0.008654265195838784
1.8,0.7791335080467836,1.0208664919532164
1.8,1.6813168192918198,0.11868318070818029
3.7,3.170651340788841,0.5293486592111591
1.8,1.7434289153646558,0.056571084635344215
0.9,0.9179090864725691,-0.017909086472569058
1.4,1.5938091178877625,-0.19380911788776256
0.7,0.8226514888931223,-0.12265148889312238
1.0,1.0011926958353532,-0.001192695835353197
1.8,1.9180616236565786,-0.11806162365657857
1.6,1.5694453526101961,0.030554647389803957
1.8,1.779633681936478,0.02036631806352207
0.9,0.973538739814473,-0.07353873981447301
0.8,0.8969664283068015,-0.09696642830680147
2.6,2.3708923871823613,0.2291076128176388
3.9,4.016291482641757,-0.1162914826417567
1.0,1.2381192649386028,-0.2381192649386028
1.5,1.4989744871756858,0.0010255128243141787
4.2,3.82102148972888,0.37897851027112006
0.3,0.5303970363846685,-0.23039703638466852
1.3,1.4067740711128414,-0.10677407111284132
4.5,4.284114303004358,0.21588569699564175
0.9,1.8761180563701791,-0.9761180563701791
1.8,1.7867151826758954,0.013284817324104692
3.6,3.992853243978244,-0.39285324397824395
2.8,2.299484991042903,0.5005150089570969
0.1,0.7958664759107057,-0.6958664759107057
2.7,2.7972318592636367,-0.09723185926363653
0.4,0.6073755156451405,-0.20737551564514045
2.4,2.596941119991119,-0.19694111999111907
1.4,1.102471642409395,0.2975283575906049
1.7,1.6344725857550393,0.06552741424496067
1.6,1.4356216519778349,0.16437834802216522
0.9,1.1657315509767763,-0.26573155097677625
0.5,1.2728207667992566,-0.7728207667992566
0.5,0.8096547661394223,-0.30965476613942233
1.2,1.4782300940073,-0.27823009400730014
1.6,1.8104795899626707,-0.21047958996267058
1.9,1.9726212301695423,-0.07262123016954236
2.9,2.3847356320681943,0.5152643679318056
3.2,2.9154358131052662,0.28456418689473395
1.0,1.2024974822287757,-0.20249748222877573
1.5,1.5852600976063511,-0.08526009760635112
2.3,2.1846767475347106,0.11532325246528918
1.9,1.879598219061188,0.020401780938811953
0.7,0.7370581174216998,-0.03705811742169984
4.3,3.181387752145497,1.1186122478545029
0.6,0.6541641378473941,-0.054164137847394156
4.6,4.144333028083029,0.4556669719169708
3.2,3.507183588111869,-0.30718358811186874
2.0,2.1239802771899763,-0.12398027718997628
2.2,2.131407764202172,0.06859223579782814
1.8,1.835078271482452,-0.03507827148245202
4.5,3.901477724644636,0.5985222753553638
1.8,1.7589726190476256,0.04102738095237446
1.0,0.9774300317327586,0.022569968267241447
2.9,2.7244729256854265,0.17552707431457337
0.9,0.9174428575847108,-0.017442857584710758
1.6,1.7103351889232852,-0.11033518892328509
2.2,2.0734425694520238,0.1265574305479764
0.6,1.1661353255768399,-0.5661353255768399
1.8,1.804376481890322,-0.004376481890322026
2.9,2.829527723665223,0.07047227633477693
0.5,0.46573530162078897,0.034264698379211034
3.4,3.400686456400741,-0.0006864564007411644
1.3,1.306525040779924,-0.006525040779923996
1.0,0.9243627324777348,0.07563726752226518
1.8,1.6421732755003218,0.15782672449967827
1.8,1.1416231060606072,0.6583768939393928
3.2,3.4504680890220643,-0.2504680890220641
2.1,2.451101647449251,-0.351101647449251
1.8,1.1843042845934535,0.6156957154065466
0.9,0.9560718154068872,-0.056071815406887215
3.2,3.019346240446112,0.18065375955388818
2.2,1.996803098697905,0.2031969013020951
1.0,1.2872355923655585,-0.2872355923655585
3.6,3.6677347010593557,-0.06773470105935564
4.3,3.4841941680900077,0.8158058319099921
1.0,1.1913983047271595,-0.19139830472715946
1.8,0.8432375464746004,0.9567624535253997
1.7,1.6784617485716,0.021538251428399935
4.0,3.866271220510754,0.1337287794892461
2.2,2.2156883567901424,-0.015688356790142244
2.9,2.670770821120534,0.22922917887946603
3.8,3.9035774396999647,-0.10357743969996491
1.8,1.7819672359620933,0.018032764037906768
1.7,1.3695105329936563,0.33048946700634363
4.1,3.0364824473041585,1.0635175526958411
4.1,3.3225811507936482,0.7774188492063514
1.0,1.1977161797670741,-0.19771617976707412
2.1,1.8649669562340012,0.23503304376599887
2.1,2.0136205024365603,0.08637949756343977
1.3,3.5111062523733607,-2.2111062523733604
1.8,1.8000431485569888,-4.314855698872577e-05
1.3,1.548819611503507,-0.24881961150350707
1.9,2.282495602699249,-0.3824956026992492
1.2,1.349488992277406,-0.14948899227740609
1.8,1.7284647614175046,0.07153523858249544
1.9,1.7491336299106321,0.15086637008936776
2.0,2.003142632316086,-0.003142632316086136
3.9,3.712607293157295,0.18739270684270481
0.8,0.8061334291058067,-0.006133429105806609
0.5,0.6330193970116865,-0.13301939701168652
1.0,1.3595554709427629,-0.35955547094276286
2.0,1.6816910598358152,0.31830894016418476
3.8,3.850880757780408,-0.050880757780408015
1.8,0.926685457500723,0.8733145424992771
4.1,3.863017828250181,0.23698217174981862
2.7,2.4992996891087054,0.2007003108912948
1.6,1.5986576030325117,0.0013423969674883907
0.5,1.0750225309056667,-0.5750225309056667
1.8,1.7762037504447306,0.02379624955526949
0.8,0.8199539141508684,-0.019953914150868335
1.7,1.881400902220669,-0.18140090222066907
1.8,1.887485261225702,-0.087485261225702
0.8,0.9346596177208921,-0.13465961772089208
1.8,1.8817145013019079,-0.08171450130190783
0.9,0.9150148315200322,-0.015014831520032135
1.8,1.7860250000000066,0.01397499999999341
1.5,1.7921513561397344,-0.2921513561397344
1.6,1.5595692308752738,0.04043076912472632
1.8,1.6565053240266905,0.14349467597330956
2.1,2.1932814333845254,-0.09328143338452533
4.4,3.849288906990282,0.5507110930097183
1.1,0.9240453932398941,0.175954606760106
0.4,1.1325692238539598,-0.7325692238539597
1.4,1.513189748279286,-0.11318974827928607
1.0,1.1751200258246837,-0.17512002582468367
0.5,0.637145552026545,-0.137145552026545
1.8,1.7962604072366168,0.003739592763383204
1.8,1.6929616863393766,0.10703831366062344
1.8,1.8438057782970687,-0.043805778297068665
2.2,2.1761752006193267,0.0238247993806735
1.3,1.4400141177356927,-0.1400141177356926
1.0,1.6045731337825968,-0.6045731337825968
3.6,3.424181944444442,0.17581805555555796
3.9,3.9897015273125573,-0.08970152731255743
2.1,2.197857464979475,-0.09785746497947478
0.8,0.8818514007032838,-0.08185140070328378
2.1,3.0184312517246097,-0.9184312517246096
3.3,2.982408417508418,0.3175915824915818
1.8,1.7875325135092224,0.012467486490777668
0.5,0.6463166415519009,-0.14631664155190094
0.9,0.9397890622049825,-0.03978906220498246
4.1,4.104757479839001,-0.0047574798390011
2.1,2.102571613561721,-0.0025716135617210867
1.8,1.3806491421413127,0.4193508578586873
3.3,3.1130521538828617,0.1869478461171381
1.8,1.7118992607459698,0.08810073925403028
2.6,2.574105009624402,0.02589499037559806
0.8,1.01710403430951,-0.21710403430950986
1.8,1.7961156695013443,0.0038843304986557747
1.8,1.8034431485569888,-0.0034431485569887954
1.2,1.3958494208277108,-0.19584942082771084
0.6,0.6618496992006451,-0.06184969920064509
1.9,2.2031176868837314,-0.30311768688373153
1.1,1.3364487427319407,-0.2364487427319406
1.8,2.0794294654053216,-0.27942946540532154
0.2,0.8490275345000317,-0.6490275345000316
1.2,1.145934740106658,0.05406525989334199
1.8,1.7365595238095295,0.06344047619047055
0.5,0.5923835042365637,-0.09238350423656372
0.9,1.205114829356373,-0.3051148293563729
1.4,1.5554148618113985,-0.15541486181139863
1.6,1.632224629682881,-0.03222462968288098
1.8,1.749728213589416,0.05027178641058394
3.2,3.377942552020808,-0.177942552020808
0.9,0.7451147153374145,0.15488528466258555
1.9,2.6231512987012993,-0.7231512987012993
3.1,3.0877778870815655,0.012222112918434558
1.4,1.4402165376155318,-0.0402165376155319
1.1,0.931251879541437,0.16874812045856313
1.8,2.042712957875463,-0.24271295787546276
3.4,3.5369903587663716,-0.13699035876637167
4.3,4.09597291617433,0.20402708382566992
1.8,1.1715777374611156,0.6284222625388844
1.1,1.6515139582639602,-0.5515139582639601
2.2,1.9759528285057169,0.22404717149428333
3.5,2.8164118507065026,0.6835881492934974
1.5,1.5505672095483503,-0.050567209548350256
1.8,1.7288491873063523,0.07115081269364776
2.0,2.1872308990842755,-0.18723089908427548
2.7,2.559719246031747,0.14028075396825335
1.9,1.9734700564489123,-0.07347005644891236
4.7,4.269525360750361,0.43047463924963925
1.6,1.7442577770807903,-0.14425777708079024
0.4,0.47881663505929983,-0.07881663505929981
2.1,1.9886548795380543,0.11134512046194578
1.8,1.7743535511168325,0.025646448883167583
1.9,1.962285461760463,-0.06228546176046312
3.4,2.9446375938684146,0.4553624061315853
1.8,1.8957308701646116,-0.09573087016461157
1.8,2.095765202155578,-0.2957652021555781
4.1,4.236976088896486,-0.13697608889648638
1.6,1.4546768100999687,0.14532318990003135
1.8,1.7611302370248794,0.03886976297512068
0.3,0.6206284973412519,-0.32062849734125193
1.3,1.2604592791171902,0.0395407208828098
1.6,1.643974834587529,-0.04397483458752882
2.0,2.0393480515683713,-0.03934805156837129
1.9,1.859810528760277,0.04018947123972283
2.4,2.154869331380987,0.24513066861901311
0.9,0.9158055782569211,-0.015805578256921082
0.7,0.8162850764152938,-0.11628507641529384
1.6,1.7253027129136762,-0.12530271291367612
1.8,1.796142857142864,0.00385714285713612
1.1,1.324187337662338,-0.224187337662338
1.5,1.586260511357058,-0.08626051135705803
1.4,1.472626452740339,-0.07262645274033908
1.9,1.9396161287996163,-0.0396161287996164
1.4,1.5725417877956287,-0.1725417877956288
1.8,1.5168095861867636,0.2831904138132364
3.7,3.791579748050721,-0.09157974805072078
1.1,1.2331209404020433,-0.13312094040204325
1.8,1.7900000000000065,0.00999999999999357
2.0,2.1956101177949057,-0.19561011779490567
1.8,1.675200000000005,0.12479999999999514
1.6,1.7594793274543254,-0.15947932745432536
1.1,1.1789549718597916,-0.0789549718597915
1.2,1.2651219387274097,-0.06512193872740979
0.8,0.7481949476478192,0.0518050523521808
1.2,1.341404729310056,-0.141404729310056
1.1,1.015161576734525,0.08483842326547508
1.6,1.5951422071797183,0.004857792820281759
1.6,1.9055958839529117,-0.3055958839529116
2.4,2.6262120291805244,-0.22621202918052452
1.5,1.6951918377232966,-0.19519183772329662
1.5,1.400420462847989,0.09957953715201096
1.8,1.6850238661980794,0.11497613380192062
3.0,3.583569208814061,-0.5835692088140609
0.6,0.907833132096995,-0.30783313209699503
1.5,1.3551772394816521,0.14482276051834786
0.3,0.5214321931723245,-0.2214321931723245
1.8,1.7679047623259638,0.032095237674036214
1.2,1.6231800517997959,-0.4231800517997959
1.3,1.1020866215650151,0.1979133784349849
1.9,1.868151745717335,0.0318482542826648
0.7,1.1811543691354291,-0.4811543691354292
1.8,1.093821103496675,0.7061788965033251
4.0,3.4289694842555316,0.5710305157444684
1.8,1.677603680240687,0.12239631975931298
1.8,1.7266220200348479,0.07337797996515216
3.0,2.8995349867724887,0.10046501322751134
0.8,1.2909724452435472,-0.4909724452435471
1.6,1.7546033095718494,-0.1546033095718493
2.2,1.9335052618804016,0.26649473811959856
3.1,2.9154254727195825,0.18457452728041757
0.9,0.9520945253611179,-0.052094525361117916
2.0,1.7732404591194828,0.2267595408805172
1.9,1.8557314279787334,0.04426857202126655
3.6,3.179358273039122,0.420641726960878
3.6,3.6786235259968567,-0.07862352599685662
3.2,2.720402312152932,0.47959768784706824
1.8,0.8157566837416206,0.9842433162583795
1.8,1.69294376800436,0.10705623199564007
3.8,3.5989476497009054,0.2010523502990944
1.6,1.9101359126984123,-0.31013591269841223
2.4,2.78601872380071,-0.38601872380071
1.8,1.792814895937333,0.007185104062667147
1.0,0.9212105368042303,0.07878946319576974
2.0,1.9347103928729896,0.06528960712701037
1.7,1.5433366559782504,0.15666334402174953
0.7,0.8960815380280323,-0.1960815380280323
3.6,3.5621166999666984,0.03788330003330165
0.3,0.4680413603552918,-0.16804136035529182
2.6,2.708180333191444,-0.10818033319144371
1.4,1.329639519734351,0.070360480265649
1.0,1.505580207814717,-0.5055802078147169
2.7,2.6493484517548,0.05065154824520013
0.8,1.5852912476148588,-0.7852912476148588
1.8,1.9090640126817262,-0.10906401268172616
3.4,3.5942767857142877,-0.19427678571428775
4.5,4.0816870776969845,0.41831292230301553
3.1,2.9057420965630967,0.1942579034369034
1.0,1.1575685923155485,-0.15756859231554854
2.7,3.010841741635689,-0.3108417416356888
0.8,1.0026671721399563,-0.20266717213995622
3.3,3.1273198593073595,0.17268014069264037
2.4,2.607369065857444,-0.2073690658574443
1.6,1.3566178637603357,0.24338213623966443
3.6,2.960539741069601,0.639460258930399
1.3,1.155262408594469,0.1447375914055311
0.7,1.036390553977435,-0.336390553977435
0.3,1.002496155352427,-0.7024961553524269
2.4,1.7877660033398326,0.6122339966601673
1.8,1.8306688428324898,-0.030668842832489718
0.7,0.9333770202391721,-0.23337702023917217
1.9,1.826303435691473,0.073696564308527
1.8,1.7469336470786332,0.053066352921366855
2.6,2.3306273016845243,0.26937269831547583
1.8,1.7226714285714335,0.07732857142856653
1.9,2.0495051009144163,-0.14950510091441638
3.6,3.657999359751876,-0.05799935975187598
2.6,2.554742069640174,0.04525793035982595
1.9,1.594293958279155,0.3057060417208448
0.8,1.0329844591758819,-0.23298445917588184
1.8,1.8036027557744918,-0.0036027557744917615
2.1,2.102664880952382,-0.0026648809523819317
1.8,2.0577666823514646,-0.2577666823514646
2.0,1.9387328167936508,0.06126718320634916
1.8,1.6542676081120897,0.14573239188791032
2.3,1.1826141867742421,1.1173858132257577
2.1,2.0500585317460334,0.049941468253966725
1.0,1.0440741219365677,-0.04407412193656768
0.7,1.1803869047619049,-0.48038690476190493
3.9,3.652131852880928,0.247868147119072
0.5,0.7915927441788482,-0.2915927441788482
3.4,3.6753832643755078,-0.27538326437550786
1.7,1.7585540754567077,-0.058554075456707766
2.0,1.9202393992777202,0.07976060072227975
2.1,2.396449425574424,-0.2964494255744241
1.9,1.885981352825073,0.014018647174926846
1.7,1.811638865303066,-0.11163886530306599
0.3,0.6633090041872833,-0.36330900418728335
2.2,2.0098918290043306,0.19010817099566957
1.8,1.800043148556989,-4.314855698894782e-05
2.0,2.2095571639362803,-0.20955716393628032
1.1,1.104947221504279,-0.004947221504278954
2.1,2.059221796594982,0.04077820340501814
2.3,1.8813576790372153,0.41864232096278453
1.9,1.940865049999161,-0.040865049999161185
1.4,1.4862139361247906,-0.08621393612479067
1.8,1.1741553015404995,0.6258446984595005
1.1,0.9314015675028774,0.1685984324971227
1.8,1.28493760403683,0.5150623959631699
0.5,0.7900589445108173,-0.29005894451081726
2.1,1.9293568128704686,0.17064318712953153
1.8,1.800043148556989,-4.314855698894782e-05
0.7,0.7431230099258425,-0.043123009925842504
3.8,4.0047839369621565,-0.2047839369621567
4.4,4.189729317199829,0.21027068280017147
1.8,1.7791286048020478,0.020871395197952225
0.5,0.5117593748812833,-0.011759374881283313
0.9,0.9250197237951897,-0.025019723795189686
1.8,1.7708286838115614,0.0291713161884386
1.8,1.8125981726212816,-0.0125981726212816
1.8,1.1829290954974767,0.6170709045025233
1.8,1.1669499251760103,0.6330500748239898
2.4,2.6550012962709646,-0.2550012962709647
1.2,1.1846395269236554,0.015360473076344583
2.1,2.535474129758343,-0.4354741297583429
1.7,1.7008462153428443,-0.0008462153428443475
2.8,2.5658239736570634,0.23417602634293644
2.6,2.2381328021014846,0.3618671978985155
1.3,1.3762842403602138,-0.07628424036021375
0.4,0.4881792665714081,-0.08817926657140807
1.5,1.5400318183685227,-0.040031818368522654
1.5,1.7296580602843705,-0.22965806028437052
2.0,2.285915561654312,-0.2859155616543121
4.0,3.697295942563627,0.30270405743637285
2.0,1.911610725427053,0.0883892745729471
2.7,2.1626694870648686,0.5373305129351316
0.5,0.5822671170830891,-0.08226711708308909
3.5,3.198439346704021,0.3015606532959789
2.9,2.6348965541749334,0.2651034458250665
1.8,1.8000431485569888,-4.314855698872577e-05
2.0,2.122160682593196,-0.12216068259319579
1.5,1.8104371031746056,-0.3104371031746056
1.8,1.804640553657853,-0.004640553657852875
0.7,0.6398081802731306,0.06019181972686938
2.7,2.8181117784992784,-0.11811177849927823
4.5,4.267529258241757,0.23247074175824256
1.8,1.8084471629534447,-0.008447162953444609
0.6,0.626871408002109,-0.026871408002109076
1.0,1.0770175851740944,-0.0770175851740944
0.6,0.6850654780785908,-0.08506547807859077
1.8,1.768068759679371,0.031931240320629106
1.7,1.8503955703815789,-0.1503955703815789
0.8,0.8693454477747389,-0.06934544777473883
2.3,2.4975851293101607,-0.19758512931016092
1.5,1.4997270090559653,0.00027299094403465674
4.0,4.194988462633858,-0.19498846263385783
1.8,1.2051478616958387,0.5948521383041614
1.0,1.2626181292181642,-0.2626181292181642
1.7,1.6682862381407653,0.03171376185923469
2.7,1.841787187230334,0.8582128127696662
1.4,1.3966814037015707,0.0033185962984292328
1.0,1.0093837860361292,-0.009383786036129216
0.8,0.7466549925126094,0.05334500748739068
2.3,2.5758323479182548,-0.27583234791825495
1.3,1.4010087925506411,-0.1010087925506411
1.6,1.442616677566407,0.157383322433593
2.9,2.5484454325150723,0.35155456748492764
1.5,1.5062956165935442,-0.006295616593544162
0.9,0.9034375694718255,-0.0034375694718254968
2.0,2.184800511125511,-0.18480051112551088
2.3,2.0718151870566452,0.22818481294335458
2.0,1.9724927904266132,0.027507209573386815
1.8,1.8118540626338389,-0.011854062633838813
1.3,1.4689803167452848,-0.1689803167452848
1.7,1.7174733868168934,-0.017473386816893477
0.8,0.8468151917254721,-0.046815191725472105
0.5,0.6432304592533735,-0.14323045925337352
1.8,1.7846173166965975,0.015382683303402533
1.9,1.892725342383322,0.007274657616678004
2.6,2.582153571428571,0.01784642857142904
1.8,1.7858723797235212,0.014127620276478847
3.3,3.366084010797743,-0.06608401079774318
0.8,0.7602113147967458,0.03978868520325429
0.7,0.6655231930362261,0.034476806963773865
1.8,1.7952885953815048,0.004711404618495285
0.2,0.6788557601734106,-0.47885576017341064
1.8,1.8250869353578327,-0.025086935357832685
4.0,3.8426557146004074,0.15734428539959255
1.5,1.4615379781606197,0.0384620218393803
1.2,1.4944323804382438,-0.2944323804382438
1.8,1.8554447820010633,-0.055444782001063286
1.3,1.401381780299472,-0.10138178029947187
2.5,2.230506615689168,0.2694933843108318
1.5,1.320866984100574,0.17913301589942598
1.8,1.7768111174006238,0.023188882599376237
1.8,1.9445920868347388,-0.1445920868347388
1.5,1.4723501275535469,0.027649872446453116
1.3,1.343349398297507,-0.04334939829750706
1.2,1.2679646075545359,-0.06796460755453593
1.4,1.3882783187601706,0.011721681239829307
1.8,1.8578096222517595,-0.05780962225175945
0.4,0.9133408792727198,-0.5133408792727198
2.4,2.1257261501210665,0.27427384987893344
0.8,0.7243480625132662,0.07565193748673382
1.3,1.3690301207712359,-0.06903012077123583
2.9,2.5913385151876303,0.30866148481236966
2.3,2.514274999999999,-0.21427499999999933
2.3,2.6552312966917837,-0.3552312966917839
1.6,1.349843427815833,0.250156572184167
2.4,2.3870629599567086,0.012937040043291326
1.9,2.0390191572022744,-0.13901915720227453
2.3,2.500962109495556,-0.20096210949555626
0.6,0.7832912556691574,-0.18329125566915738
1.0,1.29896309665576,-0.29896309665575993
0.9,0.9714446468213421,-0.0714446468213421
2.4,2.513700834522885,-0.11370083452288515
4.6,4.171004719153632,0.42899528084636795
1.1,1.096732808702002,0.0032671912979980178
2.1,1.7035439826275067,0.39645601737249336
1.1,1.0087979332514492,0.09120206674855091
1.8,1.2684375255697486,0.5315624744302514
1.8,1.679275198412704,0.12072480158729615
1.4,1.2590084204851044,0.1409915795148955
0.5,0.5356854402648825,-0.03568544026488252
2.0,2.2377800902086515,-0.23778009020865154
4.3,1.7312105171425207,2.568789482857479
1.7,1.6000347724135773,0.09996522758642268
1.6,1.501358262879008,0.098641737120992
3.2,3.4543559523809506,-0.25435595238095043
2.1,1.8930329550212006,0.20696704497879947
0.8,0.8750589933940904,-0.07505899339409039
2.0,2.1054650309569265,-0.1054650309569265
2.1,1.7267796969612002,0.37322030303879994
1.0,1.205984995180371,-0.20598499518037094
0.9,0.7877889994247194,0.11221100057528066
1.1,0.9144639986664304,0.18553600133356973
1.8,0.8910353927114791,0.9089646072885209
1.3,1.7302988102907029,-0.4302988102907028
0.9,1.0155301325555097,-0.1155301325555097
1.5,1.4589788992293162,0.04102110077068377
2.1,2.1250139069264073,-0.02501390692640726
1.8,0.6424791253080896,1.1575208746919103
1.3,1.3484906846585916,-0.04849068465859152
1.5,1.5829426742684245,-0.0829426742684245
3.5,2.8996868877246778,0.6003131122753222
1.6,1.5577301711228073,0.04226982887719277
3.7,4.133348674173709,-0.4333486741737085
0.5,0.5810721899614285,-0.08107218996142851
0.1,1.0579862666444275,-0.9579862666444275
1.6,1.6872641518569127,-0.08726415185691261
0.2,0.6900919317369361,-0.49009193173693605
0.4,0.6873587204461772,-0.28735872044617716
1.8,1.8041405752234352,-0.004140575223435139
3.2,2.765196185424929,0.434803814575071
0.6,1.6671162698412747,-1.0671162698412746
2.5,2.695215091390091,-0.1952150913900912
0.9,0.9270385649064263,-0.02703856490642631
1.4,3.0274634920634913,-1.6274634920634914
1.8,1.7708596005004085,0.029140399499591574
1.7,1.6476982516680563,0.052301748331943676
1.4,1.4402858711309878,-0.040285871130987916
1.0,1.002196656697488,-0.002196656697488031
3.2,3.0453693472909578,0.15463065270904242
1.7,1.6220391946316273,0.07796080536837269
1.7,1.4303078997503267,0.26969210024967327
2.2,2.0306571115950707,0.1693428884049295
0.9,0.9013429371287351,-0.0013429371287351222
2.8,2.573594911888715,0.22640508811128468
3.0,2.9352160714285684,0.06478392857143156
1.5,1.4836947423831615,0.016305257616838542
1.8,1.301277860472862,0.49872213952713795
1.0,1.5927387941903774,-0.5927387941903774
1.1,1.332452010390564,-0.23245201039056385
2.4,1.9971530385722687,0.40284696142773124
2.0,1.5476634053542662,0.45233659464573384
0.6,1.6645273809523857,-1.0645273809523856
1.0,1.1146574873735764,-0.1146574873735764
1.6,1.8454451870407125,-0.2454451870407124
2.6,2.5022415976202153,0.09775840237978484
4.5,4.018971862916513,0.481028137083487
0.9,1.1888732536223259,-0.28887325362232585
1.4,1.3587712458565953,0.041228754143404656
0.6,0.7390355284556145,-0.1390355284556145
1.6,1.5668703320369992,0.033129667963000875
1.8,1.8034846060374583,-0.00348460603745826
1.8,0.9205928116128608,0.8794071883871393
1.8,2.301927579365083,-0.501927579365083
1.8,1.733007640731151,0.06699235926884906
0.3,0.5980512221825297,-0.2980512221825297
2.5,2.780101256613759,-0.28010125661375884
2.2,2.741021278968725,-0.5410212789687248
1.0,0.9702738645092357,0.029726135490764305
1.0,1.04792688283012,-0.04792688283012003
1.5,1.3801157200644396,0.11988427993556039
1.8,1.785084742114405,0.014915257885595112
1.3,1.5405548811331504,-0.24055488113315038
2.5,2.8559923650498913,-0.3559923650498913
1.8,1.774491596638662,0.025508403361337972
2.1,1.997305454247549,0.10269454575245107
2.3,2.525777551470692,-0.22577755147069212
1.5,1.5122676790436353,-0.012267679043635349
0.8,1.0365845290733477,-0.2365845290733477
1.0,1.1974164891656063,-0.19741648916560628
1.0,0.9324361483506578,0.0675638516493422
1.6,1.4582745831636288,0.1417254168363713
0.4,0.5135406103981972,-0.11354061039819718
0.5,0.8941632227265752,-0.3941632227265752
2.0,2.1356351966508615,-0.13563519665086154
1.8,1.796694153373116,0.003305846626884046
0.5,0.7213989920254188,-0.2213989920254188
2.2,2.1552779315713546,0.04472206842864557
1.4,1.555146665658774,-0.1551466656587741
1.8,1.9318997367341055,-0.1318997367341055
2.2,2.0717432963200464,0.1282567036799538
1.8,1.7628048271897538,0.0371951728102462
0.8,0.7956007470761364,0.004399252923863672
1.8,1.6789916343765359,0.12100836562346418
1.8,0.7091413474367515,1.0908586525632487
0.4,0.5620828514785766,-0.1620828514785766
1.3,1.1316140690543595,0.16838593094564058
0.5,1.1871358244124481,-0.6871358244124481
1.4,1.4356486633910646,-0.03564866339106465
1.8,1.3949155468950893,0.4050844531049107
0.9,0.9424478748289945,-0.04244787482899448
2.3,2.503759737963324,-0.20375973796332403
1.1,1.3881193992048901,-0.28811939920489005
1.8,1.7166074870004062,0.08339251299959383
1.8,1.8054695391840605,-0.005469539184060457
2.3,1.968816496003271,0.3311835039967288
1.2,1.0837470897645107,0.11625291023548923
1.3,1.4300442351830305,-0.13004423518303043
2.0,1.673083001465523,0.3269169985344771
3.6,3.544120187010452,0.05587981298954814
1.0,0.8876708917638715,0.11232910823612852
1.4,1.6100068522209683,-0.21000685222096838
0.6,1.0239012976885418,-0.4239012976885418
1.1,0.9440022480295006,0.15599775197049948
0.8,1.341708895393663,-0.5417088953936628
1.3,1.4653938384387812,-0.1653938384387812
1.0,0.8975898017661029,0.10241019823389708
3.0,3.079949008475613,-0.07994900847561315
1.7,1.7263140345363255,-0.026314034536325526
1.8,1.7179663672549776,0.0820336327450224
1.0,1.2499069078164644,-0.2499069078164644
1.8,1.7852837397801153,0.014716260219884703
1.8,1.7175750000000058,0.0824249999999942
1.9,1.853070932362817,0.046929067637182964
0.9,0.9908230045178713,-0.09082300451787129
0.8,1.1597776716406876,-0.3597776716406875
1.8,0.896983933802529,0.903016066197471
3.3,3.1396074979174817,0.1603925020825181
1.8,1.724464135069263,0.07553586493073694
1.8,1.8000550533188937,-5.505331889366083e-05
1.8,1.8055578772391596,-0.00555787723915957
1.8,1.6185065024456795,0.18149349755432054
1.7,1.9560808965974792,-0.25608089659747924
1.1,0.9779934837938765,0.12200651620612357
2.7,2.9554559704184697,-0.25545597041846957
1.4,1.2970434852456916,0.10295651475430834
1.8,1.7978184950831022,0.002181504916897836
0.5,1.3210585929712186,-0.8210585929712186
0.7,1.3198901615348964,-0.6198901615348964
1.5,2.0727449581215875,-0.5727449581215875
3.1,3.16640475321862,-0.06640475321861983
3.9,3.6190356462981454,0.28096435370185446
1.7,1.713703602033816,-0.013703602033816153
1.8,1.8066397817165085,-0.006639781716508475
1.7,1.5063917585042246,0.19360824149577538
1.8,1.624179846407186,0.1758201535928141
1.6,1.6124992028805656,-0.012499202880565496
1.8,1.639557896326148,0.16044210367385214
1.8,1.8631404851966211,-0.06314048519662108
1.2,1.196745501185024,0.003254498814975859
2.2,3.1145307290587407,-0.9145307290587406
0.3,1.001393497595174,-0.7013934975951739
2.0,1.9568025713635069,0.04319742863649312
0.4,0.6361057419620959,-0.23610574196209588
2.9,2.498830139086061,0.4011698609139387
0.5,1.257599206349209,-0.757599206349209
2.3,2.205025804231963,0.094974195768037
1.8,1.876426518614716,-0.07642651861471594
1.7,1.69376423095173,0.006235769048269946
2.4,2.3229409227710955,0.07705907722890437
0.5,0.674153986279608,-0.174153986279608
0.4,1.2353031415202775,-0.8353031415202775
2.7,2.345540888278389,0.3544591117216114
2.8,2.995160946970766,-0.19516094697076625
4.1,3.786275115003862,0.3137248849961378
0.5,0.6962188173282268,-0.19621881732822677
0.9,1.0602753372835516,-0.1602753372835516
2.2,2.468433263305323,-0.2684332633053228
2.9,2.3845288682443293,0.5154711317556706
3.3,2.5551219415920032,0.7448780584079966
4.7,4.014075821312252,0.6859241786877481
2.3,2.201779898441111,0.09822010155888883
2.6,2.563519678469494,0.03648032153050629
4.1,4.0177009458264585,0.08229905417354111
1.8,1.516275368492714,0.2837246315072861
1.8,1.8501932276802726,-0.05019322768027257
1.8,1.8180598152236553,-0.018059815223655296
1.0,1.0217976587162856,-0.021797658716285584
1.1,1.050106433911576,0.0498935660884241
1.2,1.3726448216207374,-0.17264482162073747
1.8,1.772878264461591,0.02712173553840902
1.6,1.721067480043952,-0.12106748004395196
2.6,2.4040042238806945,0.19599577611930563
4.1,3.7062314415160027,0.39376855848399694
1.8,1.7292409102047208,0.07075908979527923
3.2,2.6177088122605365,0.5822911877394636
1.8,1.8516019507643575,-0.051601950764357474
2.2,2.3351892956451303,-0.13518929564513016
1.8,1.8487201731627254,-0.048720173162725366
1.7,1.7906378593493246,-0.09063785934932467
1.8,1.8809364178097185,-0.0809364178097185
1.9,2.3185038414303634,-0.41850384143036345
2.0,1.8783110982865219,0.12168890171347813
1.8,1.7627127532149094,0.037287246785090655
4.0,3.8236586418956016,0.17634135810439844
1.8,1.082455536710321,0.717544463289679
1.8,1.8783442983515286,-0.07834429835152856
0.9,0.9200460517177236,-0.020046051717723556
1.8,1.0607789055667736,0.7392210944332265
3.7,3.6860075847763354,0.01399241522366479
2.2,2.2522463999662024,-0.05224639996620217
2.4,2.479026056680732,-0.07902605668073193
0.5,0.6181158319304924,-0.11811583193049235
0.4,0.6539113177085255,-0.2539113177085255
2.0,1.9342634353288823,0.06573656467111766
0.9,0.996344018868728,-0.09634401886872801
1.6,2.0938240231990237,-0.49382402319902363
0.7,0.7818627068872358,-0.08186270688723585
1.5,2.206695303723415,-0.7066953037234152
1.0,1.065967768474528,-0.0659677684745279
0.5,0.6285699868673073,-0.12856998686730725
1.8,2.782629960317463,-0.9826299603174629
1.4,1.3888975003925463,0.011102499607453575
1.8,2.213275044180967,-0.41327504418096717
1.8,1.77738297054293,0.022617029457070004
1.0,1.0127056039653999,-0.012705603965399881
1.4,1.4447460761079867,-0.044746076107986754
0.6,1.1041208405948657,-0.5041208405948657
0.6,0.6961795602511338,-0.09617956025113383
2.3,2.1939820433322184,0.10601795666778147
1.8,1.792780983447483,0.007219016552516999
2.3,2.1800606672848066,0.11993933271519319
1.7,1.9517718901123666,-0.25177189011236667
2.4,2.1501580277792445,0.24984197222075544
1.4,1.250498783224361,0.14950121677563888
1.1,1.385491423075097,-0.2854914230750969
3.8,4.094251190476192,-0.2942511904761922
1.5,1.7035265192242406,-0.2035265192242406
2.4,2.091077551637259,0.3089224483627411
1.8,0.8955108394436219,0.9044891605563782
2.9,2.864254128302497,0.035745871697502984
1.8,1.8839132496029318,-0.08391324960293178
0.4,2.510851542207794,-2.110851542207794
1.6,1.5631051709176709,0.03689482908232922
1.8,1.7758814292453158,0.024118570754684265
1.3,1.522197118848715,-0.22219711884871485
0.7,0.8543894329867956,-0.15438943298679564
3.4,3.458046895205292,-0.05804689520529216
1.8,1.6731858428030355,0.12681415719696454
1.9,1.6293848752441795,0.2706151247558204
1.0,1.6370848339132495,-0.6370848339132495
1.8,1.8028078772391596,-0.0028078772391595397
0.5,0.5415946701127581,-0.04159467011275808
1.8,1.800043148556989,-4.314855698894782e-05
3.1,3.1402397338229657,-0.04023973382296564
0.5,0.7353912532358529,-0.23539125323585286
4.2,4.208468933381436,-0.00846893338143584
2.8,2.765530350770056,0.034469649229943666
3.2,2.7032195297564483,0.4967804702435519
1.9,1.8292967240756566,0.07070327592434333
2.1,2.3629483500417714,-0.2629483500417713
0.4,0.7443160504778255,-0.34431605047782543
3.7,3.0198043705277673,0.6801956294722329
1.8,1.8479059120258325,-0.0479059120258325
1.8,1.2920397182279362,0.5079602817720639
4.5,4.245504688383303,0.25449531161669725
1.7,1.5609231310356295,0.13907686896437044
3.8,3.4249721658302015,0.37502783416979835
1.6,1.9056262277153533,-0.3056262277153532
0.5,0.9254658076017869,-0.42546580760178687
1.5,1.435431980816945,0.0645680191830551
1.0,1.426844876726051,-0.4268448767260511
3.0,3.1844475303757838,-0.18444753037578376
1.4,1.4833687519144678,-0.08336875191446791
2.4,2.0273215532623015,0.37267844673769845
0.9,0.9591554766995176,-0.059155476699517595
1.8,1.7699164271744083,0.03008357282559171
0.8,0.6766968638053682,0.12330313619463185
1.0,0.9695147241596171,0.030485275840382853
2.2,1.6635410172938552,0.536458982706145
4.6,4.266422548285049,0.3335774517149508
0.6,0.8517971041451647,-0.25179710414516476
2.3,2.2069656713657464,0.09303432863425343
2.0,1.872505647727722,0.127494352272278
2.1,1.777862202168003,0.32213779783199703
3.0,2.8925373361826683,0.10746266381733172
2.4,2.5318106421356408,-0.13181064213564087
1.8,1.762604351258164,0.037395648741836096
3.6,3.739163034625688,-0.13916303462568802
2.7,2.8557173520923516,-0.15571735209235138
3.6,1.98067777777778,1.61932222222222
3.0,2.5980330280830275,0.4019669719169725
1.5,1.4530520025299731,0.04694799747002687
1.8,1.834683410801719,-0.034683410801718884
1.8,1.7917771992479021,0.008222800752097914
1.7,1.7491257902770068,-0.04912579027700681
1.0,2.7711344924399284,-1.7711344924399284
1.8,1.2569600315531964,0.5430399684468037
1.8,1.8727582871908521,-0.07275828719085209
0.4,0.6890419369514538,-0.28904193695145375
1.2,1.3687027898267823,-0.16870278982678233
1.8,1.8824163450212024,-0.08241634502120232
0.8,0.8227567459313826,-0.02275674593138255
1.6,1.645874121109192,-0.04587412110919198
1.3,1.431503183780157,-0.13150318378015702
1.6,1.4467569211635203,0.1532430788364798
2.0,2.1056657697652,-0.10566576976520015
2.2,1.7719962681935906,0.4280037318064096
2.5,1.727447035319819,0.772552964680181
1.6,1.7943601029886673,-0.19436010298866724
1.4,1.4102651949424003,-0.010265194942400413
2.7,1.9734374578792364,0.7265625421207638
1.8,1.6337761663609882,0.16622383363901183
1.8,3.466754014406646,-1.666754014406646
1.1,1.1712432456773056,-0.07124324567730556
1.8,1.4810448082103664,0.3189551917896336
4.6,3.9105185608573545,0.6894814391426451
0.5,0.5823823759445638,-0.08238237594456377
1.8,1.7199149350649399,0.08008506493506018
0.7,0.5706815134434039,0.12931848655659606
2.5,2.227247557223922,0.27275244277607813
1.8,2.924142727915483,-1.1241427279154828
2.2,2.2958146686297227,-0.09581466862972254
0.5,0.5079189319724463,-0.007918931972446308
0.9,1.1439085027298888,-0.24390850272988873
1.8,1.8006264818903222,-0.0006264818903221059
1.8,1.743552380952387,0.056447619047613085
1.7,1.5669851242548307,0.13301487574516924
2.0,2.064802442002441,-0.06480244200244112
2.0,3.1401859437663786,-1.1401859437663786
1.3,1.0747870117166147,0.22521298828338532
3.7,3.4788123015873023,0.22118769841269792
1.6,1.6561465014975747,-0.05614650149757461
1.8,1.8092098152236553,-0.009209815223655271
0.7,0.844719769789695,-0.14471976978969503
1.8,1.830751937984503,-0.03075193798450293
1.2,1.032061455559544,0.16793854444045597
0.5,1.5307575403189915,-1.0307575403189915
0.6,0.6672547577687888,-0.06725475776878886
1.8,1.5244299603174651,0.2755700396825349
0.6,0.7374669343339627,-0.13746693433396273
0.3,1.7407432034366521,-1.440743203436652
1.8,1.0542974688345526,0.7457025311654475
2.6,2.3429207752689236,0.25707922473107647
0.9,0.8672584733905844,0.03274152660941565
1.5,1.2062953857213876,0.2937046142786124
4.7,4.150640856135708,0.549359143864292
2.2,1.787252882864773,0.41274711713522727
0.9,0.9437692556626379,-0.043769255662637896
1.6,1.3805835120074954,0.21941648799250468
0.8,1.1912738733036081,-0.3912738733036081
0.8,1.0073705574992358,-0.20737055749923572
1.8,1.7771457105630546,0.022854289436945452
0.6,0.732085862767914,-0.132085862767914
1.8,1.9427753858413093,-0.14277538584130922
3.2,2.612803571428573,0.5871964285714273
4.6,4.203072083291107,0.3969279167088926
2.2,2.0980410972570356,0.1019589027429646
1.8,3.368260543966447,-1.5682605439664468
1.8,1.8000431485569888,-4.314855698872577e-05
1.5,1.285072400782016,0.214927599217984
1.0,1.005380221224187,-0.00538022122418691
1.3,1.3177467357578416,-0.01774673575784158
2.3,2.0344183286410096,0.26558167135899025
0.6,1.3330267726544553,-0.7330267726544554
3.2,3.1753638063325575,0.02463619366744263
1.0,0.9937833129239031,0.006216687076096905
4.6,3.9980041971917,0.6019958028082995
1.6,1.5329931869440407,0.06700681305595935
0.7,0.7232571944691173,-0.023257194469117337
0.7,0.8184864103862024,-0.11848641038620245
1.8,1.7974267663931185,0.002573233606881553
0.5,1.1466016535821895,-0.6466016535821895
1.4,1.462322616339048,-0.06232261633904801
0.1,0.3656964772125644,-0.2656964772125644
2.0,1.962619754713469,0.037380245286531055
2.5,1.8157693661625132,0.6842306338374868
1.8,0.8604316592235408,0.9395683407764592
1.8,1.8290403335754981,-0.029040333575498067
2.1,1.8694750611127098,0.2305249388872903
1.1,1.0460253908257837,0.05397460917421637
1.0,0.9826421413657437,0.017357858634256318
1.8,1.8452100628972579,-0.04521006289725782
1.7,1.7116530522995215,-0.011653052299521516
0.5,0.5948751169719873,-0.09487511697198725
1.4,1.4153262810555451,-0.015326281055545232
2.8,3.4367678571428564,-0.6367678571428566
0.6,1.1625888914633074,-0.5625888914633074
0.4,0.9638597919840387,-0.5638597919840387
4.0,4.263261075036075,-0.2632610750360751
1.7,1.8510155545374312,-0.1510155545374312
1.8,2.1020247244613643,-0.3020247244613643
0.8,0.8454331703041866,-0.04543317030418659
1.7,1.6904711824439116,0.009528817556088365
3.5,3.715185399159664,-0.21518539915966395
1.8,1.8392150372418075,-0.039215037241807416
1.8,1.1842973775717207,0.6157026224282793
0.3,0.8142850206226524,-0.5142850206226524
2.5,2.5967722222222216,-0.0967722222222216
2.7,2.348470851370854,0.3515291486291461
1.8,1.800043148556989,-4.314855698894782e-05
2.9,2.674301721676013,0.22569827832398692
1.5,1.5282929623445143,-0.028292962344514283
0.6,0.9345161579098447,-0.3345161579098447
1.5,1.5638934454114228,-0.06389344541142283
1.7,1.8311685446718937,-0.13116854467189376
0.9,1.115779952372189,-0.21577995237218894
0.4,1.1646180494261893,-0.7646180494261893
1.2,1.4104459025638536,-0.21044590256385365
4.4,4.0544974331224335,0.34550256687756686
0.8,1.0220397923951279,-0.22203979239512783
1.8,1.7603221711247405,0.0396778288752595
2.7,1.3698191900978267,1.3301808099021735
1.7,1.305050360753599,0.3949496392464009
1.5,1.5162031299627854,-0.01620312996278539
1.9,2.034311327495546,-0.13431132749554608
2.3,2.3813392458315867,-0.08133924583158691
2.3,2.238241865079365,0.061758134920634866
1.2,1.2425403053645698,-0.042540305364569875
2.0,1.6672144868669168,0.33278551313308324
1.8,2.1595771278427853,-0.3595771278427853
1.8,1.7872500000000064,0.0127499999999936
0.4,0.6395382601369476,-0.23953826013694757
1.9,1.848215450666166,0.05178454933383381
1.8,1.763499410659308,0.036500589340692
4.3,2.441835187964596,1.8581648120354037
1.2,1.1545877198478955,0.04541228015210441
2.7,2.9481343822444512,-0.24813438224445106
4.3,3.7336511410216757,0.5663488589783241
1.2,1.3519473060650287,-0.1519473060650287
2.1,2.1787116904337513,-0.07871169043375126
3.0,2.9512488849807075,0.048751115019292524
1.1,1.1374582328778555,-0.037458232877855435
1.4,1.4008908591001454,-0.0008908591001455246
3.0,2.9696311235655655,0.030368876434434533
1.0,1.0789500893827202,-0.07895008938272019
2.0,2.039795311051824,-0.0397953110518241
0.1,0.8393666590825201,-0.7393666590825201
0.4,0.7891948997832509,-0.38919489978325084
2.0,1.6704274633954994,0.3295725366045006
2.3,2.4575675977209075,-0.15756759772090767
0.4,0.6091792069553842,-0.20917920695538417
2.3,2.3729171812106022,-0.07291718121060242
0.5,0.7205659946771082,-0.22056599467710825
3.2,3.3200611111111114,-0.12006111111111117
3.6,3.5771909975927314,0.022809002407268686
3.4,2.96237542735043,0.43762457264957
3.4,3.6253585955710976,-0.22535859557109772
1.8,1.813701296896908,-0.01370129689690791
2.2,2.017290587444655,0.182709412555345
2.6,2.411110714285715,0.1888892857142852
2.7,2.6905732669326086,0.009426733067391613
0.2,0.806115145119241,-0.606115145119241
0.5,0.9230009322913928,-0.4230009322913928
0.5,0.9511578670480191,-0.4511578670480191
1.7,1.588017664332878,0.1119823356671219
1.1,1.571508649067816,-0.471508649067816
1.1,1.4121938252246693,-0.3121938252246692
0.9,1.5102916653355722,-0.6102916653355722
4.6,4.128185157234069,0.471814842765931
1.0,1.0044002124796918,-0.004400212479691801
3.8,3.942529891385179,-0.14252989138517913
0.6,1.0152317595007134,-0.41523175950071345
1.8,1.2883567987409896,0.5116432012590104
3.5,3.089950568827308,0.4100494311726921
0.7,0.6188384337513338,0.0811615662486661
0.9,1.1411635183116062,-0.2411635183116062
0.8,0.9842008812459474,-0.18420088124594736
3.9,3.883720816683314,0.016279183316685764
0.3,0.8457274502392791,-0.545727450239279
1.8,1.9039876522702173,-0.10398765227021722
1.4,1.5817420465169048,-0.18174204651690484
1.7,1.7023226156600257,-0.002322615660025784
1.8,0.8615149969229412,0.9384850030770588
1.8,0.696892282554047,1.103107717445953
0.6,0.6313131911252085,-0.03131319112520847
1.8,1.3702297619047648,0.4297702380952353
3.7,3.471648003186064,0.22835199681393625
3.4,3.3240808672323694,0.07591913276763051
0.9,0.8422809324820055,0.05771906751799449
1.8,1.7491937628053325,0.05080623719466759
2.9,2.576482341269843,0.3235176587301569
4.0,2.732047041847043,1.2679529581529572
1.4,1.5118176691140404,-0.11181766911404045
1.6,1.7859465997347597,-0.18594659973475958
1.4,1.1603181005693397,0.2396818994306602
1.4,1.48547207069184,-0.08547207069184015
1.9,1.8704582813690458,0.029541718630954117
2.9,3.1898732139506545,-0.2898732139506546
2.0,1.9460321186548222,0.053967881345177826
0.6,0.7228352648406012,-0.12283526484060125
1.8,1.8560022141999273,-0.056002214199927236
1.4,1.1183321516122637,0.2816678483877362
1.4,1.2240055916856218,0.17599440831437807
1.6,1.5233316917052395,0.07666830829476057
1.2,1.1845511628240497,0.015448837175950247
2.0,2.0040310597448534,-0.004031059744853405
1.4,1.4075131749280718,-0.0075131749280719085
2.0,2.9764150224292614,-0.9764150224292614
1.8,1.2029341908091933,0.5970658091908068
3.0,2.9648344980555845,0.03516550194441548
1.1,1.2519723702625838,-0.1519723702625837
1.8,1.0877590713269498,0.7122409286730502
1.7,1.532237883476649,0.16776211652335093
4.3,2.5435668650793692,1.7564331349206306
1.8,1.390580643471335,0.409419356528665
2.7,3.6646739024864035,-0.9646739024864033
1.0,1.1849930498528458,-0.18499304985284581
1.8,1.7705519384286545,0.029448061571345496
1.0,1.9918733777269313,-0.9918733777269313
1.3,1.321654491321336,-0.0216544913213359
1.6,1.6326446382914528,-0.0326446382914527
4.1,3.3370394119769116,0.7629605880230881
2.3,1.99429929346418,0.30570070653581993
2.7,2.695594543426211,0.004405456573789213
1.4,1.6210673384618166,-0.2210673384618167
3.6,2.4661783268733886,1.1338216731266115
1.8,2.6033507936507982,-0.8033507936507982
1.8,1.3108692460317488,0.48913075396825123
1.4,1.0753366880295752,0.32466331197042475
0.2,0.49780030284043447,-0.29780030284043446
1.8,1.734027816733125,0.06597218326687515
3.7,4.180871462524405,-0.48087146252440505
1.8,1.409630303424597,0.3903696965754031
1.9,2.2743018846197223,-0.37430188461972236
1.8,1.7943292241177746,0.005670775882225421
0.6,1.312912391930018,-0.7129123919300181
3.0,3.232888181486973,-0.232888181486973
1.4,1.0731858499346132,0.3268141500653867
0.5,0.5660923560616333,-0.06609235606163333
4.4,4.093938340825839,0.30606165917416117
2.8,2.938552056277055,-0.13855205627705525
3.3,3.2547274182172585,0.045272581782741295
1.9,2.2220951507449933,-0.3220951507449934
1.7,2.0950076693417476,-0.3950076693417477
1.1,1.1591665134539235,-0.05916651345392343
1.8,3.6129868259191773,-1.8129868259191773
1.8,1.7753572894951932,0.02464271050480682
0.8,0.9133688652650123,-0.11336886526501222
0.5,1.0244756062764084,-0.5244756062764084
1.8,1.8656850340136109,-0.06568503401361081
1.6,2.114361197437828,-0.5143611974378279
2.5,2.2066000263221643,0.29339997367783566
3.4,3.8914615961893566,-0.4914615961893567
1.5,1.6605138135974888,-0.16051381359748884
2.3,2.284304742388759,0.015695257611240798
0.8,0.8204690391529083,-0.02046903915290821
0.9,1.6443677808302852,-0.7443677808302852
1.7,1.9400395756183837,-0.24003957561838374
0.6,0.6947349068850178,-0.09473490688501784
1.6,1.7552392217948127,-0.15523922179481264
1.9,1.8852668340349892,0.01473316596501073
4.6,4.183031164168314,0.4169688358316854
1.8,1.9823618108061376,-0.18236181080613756
1.8,1.7199432716565248,0.08005672834347521
1.8,1.7938850628657845,0.0061149371342155145
1.8,0.7906337614262269,1.0093662385737732
1.8,1.7922234414957996,0.007776558504200448
2.6,2.5965863275613286,0.0034136724386715223
0.5,0.5404095703991673,-0.04040957039916726
2.2,2.3248258782599085,-0.12482587825990832
1.5,2.155920842795639,-0.6559208427956391
1.6,1.7187741989067837,-0.11877419890678365
3.6,3.479765354674564,0.12023464532543615
1.8,1.8738000562002446,-0.07380005620024455
0.4,0.4997122869083164,-0.0997122869083164
2.4,2.511951434676435,-0.1119514346764352
2.6,2.642389397809104,-0.04238939780910389
1.6,1.5875129699148203,0.012487030085179818
1.6,1.4517737497351186,0.14822625026488145
3.4,3.6613690463976623,-0.26136904639766234
2.7,2.3631275809632357,0.33687241903676446
1.2,1.2021179876340284,-0.0021179876340284842
1.8,1.7313988976787953,0.06860110232120475
1.8,1.3609423069089492,0.4390576930910508
2.6,2.417482611832613,0.18251738816738694
1.6,3.8972773933291767,-2.2972773933291766
1.0,0.9459920084295951,0.05400799157040492
2.6,2.4686899391889408,0.13131006081105934
1.8,2.104066720776574,-0.30406672077657393
0.6,1.3479132915979328,-0.7479132915979328
1.8,1.7291508709575105,0.07084912904248952
0.5,0.4020586569171517,0.0979413430828483
2.5,2.370732708250027,0.1292672917499731
4.3,4.275530465569863,0.02446953443013644
1.8,1.6944952165453628,0.10550478345463721
1.8,2.650045966779504,-0.850045966779504
1.8,1.6923046172236897,0.1076953827763103
3.9,3.6465810699423695,0.2534189300576304
4.0,4.154616702741704,-0.1546167027417038
1.6,3.5730164090414096,-1.9730164090414095
0.7,0.8487436372651639,-0.14874363726516393
1.8,1.324990941396582,0.47500905860341813
0.8,1.014987426706798,-0.21498742670679793
0.5,0.6717141852968129,-0.17171418529681293
1.8,1.7308580643665126,0.06914193563348747
2.3,2.293418488455988,0.006581511544011764
1.5,1.4324328423341803,0.06756715766581967
1.8,0.9403728067536932,0.8596271932463069
1.4,1.3817405911018457,0.01825940889815425
1.8,1.8307139315697143,-0.030713931569714248
4.0,4.0293697039072045,-0.029369703907204503
1.8,1.8336550533188936,-0.03365505331889351
1.6,1.7132793278227145,-0.11327932782271444
3.9,3.542393452380949,0.3576065476190511
0.6,1.2275735231544231,-0.6275735231544232
1.8,0.9779323723678555,0.8220676276321446
0.8,0.7419630510317604,0.05803694896823963
2.6,2.7098698051948054,-0.10986980519480527
2.9,2.859408333333332,0.04059166666666769
3.5,3.557662617836069,-0.057662617836069074
0.4,0.6769162568547311,-0.2769162568547311
1.8,1.288399928240932,0.5116000717590681
1.2,1.0690487465523073,0.13095125344769265
3.2,3.266579264578683,-0.0665792645786829
2.3,2.3816595619522096,-0.0816595619522098
1.8,1.0832273196383324,0.7167726803616676
3.5,3.5878513475414,-0.08785134754139978
0.7,0.9448831171319596,-0.24488311713195965
1.3,1.294431913644634,0.0055680863553659865
0.9,1.6106019157046358,-0.7106019157046358
1.9,1.5995566332227997,0.3004433667772002
2.2,2.262805601386218,-0.06280560138621771
1.5,1.5166599298441823,-0.016659929844182297
1.9,1.6384624943623058,0.26153750563769407
1.0,1.282982193683509,-0.2829821936835091
2.1,2.2264564145929,-0.1264564145928997
1.0,0.8777732244547986,0.12222677554520145
1.8,1.2849338565745407,0.5150661434254593
1.5,1.5531309748487379,-0.053130974848737855
2.0,1.8612625240658511,0.13873747593414887
2.5,2.4751448263554368,0.024855173644563244
1.8,1.8000431485569888,-4.314855698872577e-05
1.8,1.227397727333055,0.5726022726669451
2.1,1.4715947664065527,0.6284052335934474
0.9,1.2465646504752748,-0.34656465047527474
4.1,3.644078373015873,0.45592162698412686
1.6,1.5724285248697378,0.027571475130262257
3.0,3.389662571965772,-0.38966257196577203
1.8,1.7469138888888944,0.053086111111105616
2.6,2.643524206349206,-0.04352420634920584
1.2,1.178719971534296,0.021280028465703982
1.8,1.9775679686999121,-0.1775679686999121
1.8,1.8108907676046075,-0.010890767604607499
3.2,3.118059762589939,0.08194023741006129
1.8,1.8395702721091087,-0.039570272109108684
0.5,0.6514322589067661,-0.15143225890676615
1.8,2.4399524247864646,-0.6399524247864645
2.9,2.5455920132922354,0.3544079867077645
4.0,3.914229184874517,0.08577081512548279
3.5,3.308126775111958,0.19187322488804215
1.0,1.4288728179281955,-0.42887281792819554
2.8,2.813011636546717,-0.01301163654671722
1.8,1.7235904761904812,0.07640952380951882
1.2,1.316537668431372,-0.11653766843137214
0.8,0.9426136426442804,-0.14261364264428034
2.0,1.6383543163924839,0.36164568360751614
1.8,1.7069577380952419,0.09304226190475817
1.6,1.528541360539968,0.07145863946003206
1.8,1.6774547619047668,0.12254523809523321
2.6,1.758216000545452,0.8417839994545482
0.7,0.7564153567498066,-0.05641535674980669
0.3,0.4643468386341805,-0.16434683863418054
3.4,3.1696015430395534,0.23039845696044647
0.9,1.2678902603221158,-0.3678902603221158
0.5,0.726690690470231,-0.22669069047023105
4.1,3.259890196608946,0.8401098033910537
1.8,1.9605053571428628,-0.16050535714286274
1.7,1.7900026789703924,-0.09000267897039249
0.5,2.513537253586197,-2.013537253586197
1.8,1.7919804718934251,0.008019528106574914
0.6,0.6482741568371821,-0.04827415683718217
3.0,3.5856075854700875,-0.5856075854700875
1.7,1.6393619964614743,0.060638003538525664
1.8,1.800043148556989,-4.314855698894782e-05
3.2,3.0812902777777804,0.11870972222221976
1.8,1.739500393691116,0.06049960630888407
1.8,1.6818437671882063,0.11815623281179377
1.5,1.5876444034914075,-0.08764440349140745
1.7,1.705865175334472,-0.005865175334472061
3.0,2.7003402315565794,0.29965976844342057
1.7,1.502750916578024,0.197249083421976
3.6,3.120124504137457,0.4798754958625433
2.2,2.1422660860627847,0.0577339139372155
3.8,4.062192698967701,-0.26219269896770125
1.9,2.0677632355285307,-0.16776323552853079
1.9,1.7688550803257945,0.13114491967420538
1.8,1.8214520735716035,-0.021452073571603503
2.6,2.5914458943833933,0.008554105616606744
3.3,2.9806916957363785,0.31930830426362133
1.0,1.085930937001768,-0.08593093700176802
1.8,1.799843148556989,0.00015685144301103016
3.8,3.658364240667944,0.14163575933205585
4.1,2.641595937241444,1.4584040627585555
1.9,2.0390441441206915,-0.13904414412069155
1.8,1.7996606402218234,0.0003393597781766733
1.5,1.5536336194815414,-0.05363361948154144
1.6,2.049022791922871,-0.4490227919228711
0.8,0.8637336794443599,-0.06373367944435981
1.4,1.3015651501274836,0.09843484987251627
1.7,1.5526223290598289,0.14737767094017107
2.5,2.394081803544996,0.10591819645500422
2.3,2.1535489609525205,0.14645103904747936
1.8,1.1525003968253988,0.6474996031746012
1.8,1.7362408547346684,0.06375914526533166
2.3,2.09654632032358,0.2034536796764197
0.9,0.8923638384898238,0.007636161510176209
1.8,1.7745416666666727,0.025458333333327365
3.3,2.9080261591478695,0.3919738408521303
4.4,3.8647328119034383,0.535267188096562
2.9,2.252502218614721,0.6474977813852787
1.8,1.6613590776942049,0.13864092230579517
2.2,2.5457829893509873,-0.34578298935098717
1.8,0.5934511811288127,1.2065488188711875
1.8,1.732437177579371,0.06756282242062905
2.8,3.3327848786446013,-0.5327848786446014
0.7,0.7236598665429514,-0.02365986654295149
1.8,1.5227206870205987,0.27727931297940134
0.9,1.0000246219757245,-0.10002462197572448
0.6,0.7095448049313089,-0.10954480493130891
3.1,3.2913690480206927,-0.19136904802069266
1.7,1.517361400769673,0.182638599230327
0.5,1.1258666721607697,-0.6258666721607697
1.0,0.9109976300993939,0.08900236990060606
2.8,2.9069324722897347,-0.1069324722897349
4.0,3.788716376678878,0.21128362332112216
3.3,3.4377665058990736,-0.1377665058990738
1.5,1.6016181246445031,-0.10161812464450315
0.5,0.7038576625134323,-0.2038576625134323
1.3,1.3890442432600458,-0.08904424326004579
0.4,0.5796667071173028,-0.17966670711730282
0.9,1.2601944812756647,-0.36019448127566467
1.8,1.824882890365455,-0.02488289036545499
1.8,1.8031095616719393,-0.0031095616719392094
1.0,0.8608713962660608,0.1391286037339392
2.2,2.1255966848210286,0.07440331517897159
1.5,1.4993354447804268,0.0006645552195732041
1.8,1.8393111567706248,-0.0393111567706248
1.8,1.1186473412698423,0.6813526587301577
1.0,0.9128149166579703,0.08718508334202968
1.8,1.607490310427774,0.19250968957222603
2.6,2.488656444039053,0.11134355596094725
2.2,2.1123112097119416,0.08768879028805854
1.5,1.476356374625545,0.02364362537445497
4.0,4.192854652730313,-0.192854652730313
1.5,1.528577774201163,-0.02857777420116303
2.4,2.4722276119985467,-0.07222761199854677
1.8,2.1127632708509805,-0.31276327085098043
1.1,1.2164655121134818,-0.11646551211348166
1.7,1.6379463924963904,0.062053607503609554
0.7,0.6900332310257091,0.00996676897429083
3.0,3.393645374960728,-0.39364537496072805
2.5,2.3311041186652672,0.16889588133473277
3.3,2.937351785714287,0.3626482142857128
4.2,4.24086939939312,-0.040869399393120176
2.3,2.542609031618503,-0.24260903161850322
3.5,3.3267627856892528,0.17323721431074723
0.9,0.8686627735550136,0.03133722644498638
2.4,2.2440087572150076,0.15599124278499232
0.8,1.5870858826754426,-0.7870858826754425
1.8,1.9707473562691362,-0.17074735626913617
1.0,0.8945781828555234,0.10542181714447663
1.8,1.9764652777777842,-0.1764652777777842
1.8,0.8600716591843427,0.9399283408156573
1.6,1.9840917714371948,-0.38409177143719475
0.7,1.4510650072150104,-0.7510650072150105
1.3,1.3123961181631265,-0.012396118163126468
1.7,1.7198808275270157,-0.0198808275270157
1.2,1.2455585081200282,-0.04555850812002826
0.7,0.6597969998930505,0.04020300010694944
2.7,2.6465860056610064,0.05341399433899374
2.2,2.148220374968169,0.05177962503183098
2.8,2.4811781746031754,0.31882182539682447
1.4,1.8521081753108048,-0.45210817531080494
1.3,1.4495348455838706,-0.14953484558387053
1.8,1.6261800105907127,0.17381998940928733
1.7,1.8418377871963336,-0.14183778719633366
1.7,1.5019129742295758,0.19808702577042414
2.2,2.660707361105106,-0.460707361105106
0.4,0.5347368278366691,-0.13473682783666907
4.2,3.523544642857144,0.676455357142856
1.8,1.800043148556989,-4.314855698894782e-05
0.1,0.5954517665564819,-0.49545176655648193
2.7,2.7003089105339124,-0.0003089105339122433
0.8,0.8295149462416778,-0.02951494624167772
1.5,1.3614363959977922,0.1385636040022078
3.6,2.995319265914533,0.6046807340854672
2.1,2.228193473311709,-0.12819347331170894
1.1,1.1725181702288732,-0.07251817022887308
1.8,1.802343148556989,-0.0023431485569889166
1.4,1.2701886019285744,0.1298113980714255
1.9,1.6798300446415326,0.22016995535846728
2.1,4.069980694366021,-1.9699806943660207
4.6,4.235151821789321,0.3648481782106785
4.4,3.882637995918974,0.5173620040810265
1.0,1.9816238964061048,-0.9816238964061048
0.6,0.9545323412698417,-0.3545323412698417
4.5,4.260465598655732,0.23953440134426796
0.9,1.1268621952701554,-0.2268621952701554
1.8,1.7258821428571474,0.07411785714285268
1.8,1.8862388296201096,-0.08623882962010954
0.9,0.8859614602715241,0.014038539728475907
1.8,1.7444191305944503,0.05558086940554974
0.9,1.5275202635007066,-0.6275202635007066
2.3,2.325135008327282,-0.025135008327282105
2.2,1.8967672397506967,0.30323276024930346
1.9,1.9008088506997156,-0.0008088506997157019
0.7,0.7417620437013,-0.04176204370129999
0.6,0.8403997333778677,-0.24039973337786769
4.3,4.20014592907093,0.0998540709290694
1.5,1.9108914016792184,-0.41089140167921845
1.9,1.8097281647442827,0.09027183525571725
1.8,1.747214204463902,0.05278579553609797
1.1,1.125870205772859,-0.025870205772858812
4.2,4.158180815018315,0.04181918498168535
1.5,1.2698980726436242,0.2301019273563758
1.4,1.6153621749736404,-0.21536217497364052
4.1,4.040369524021731,0.05963047597826865
1.0,0.9341600637481083,0.06583993625189166
1.8,1.3279792727195494,0.47202072728045064
1.1,1.0953526850951874,0.004647314904812738
0.8,1.170418988271759,-0.370418988271759
1.0,1.0861797140404719,-0.08617971404047187
2.9,2.692262732365673,0.20773726763432698
2.9,2.693719490312318,0.20628050968768186
2.5,2.4381375992063496,0.06186240079365035
2.3,2.1608352315168484,0.1391647684831514
1.8,1.8363811931531613,-0.03638119315316124
1.2,1.7260992175201895,-0.5260992175201895
0.5,1.398748824506921,-0.8987488245069211
2.9,1.9681551086947695,0.9318448913052304
2.7,2.6185365222950066,0.08146347770499363
1.8,1.795420654769425,0.004579345230575127
0.7,0.7282407836921281,-0.028240783692128124
2.2,2.28665454397606,-0.08665454397605998
4.6,4.00713923160173,0.5928607683982694
0.5,1.0372908498906512,-0.5372908498906512
1.8,1.7391097065082257,0.06089029349177433
3.6,3.604645916875524,-0.004645916875523959
0.4,0.7160277281032157,-0.31602772810321567
3.0,2.4970291625131265,0.5029708374868735
2.5,2.425168708030054,0.07483129196994609
3.7,3.168208668967909,0.5317913310320912
1.8,1.860081036496039,-0.06008103649603891
1.8,1.7635330619799243,0.03646693802007572
0.9,0.9280966364650582,-0.028096636465058222
1.3,1.4845930725621883,-0.18459307256218827
0.4,0.6876658941368672,-0.28766589413686716
2.4,2.748926765577776,-0.3489267655777759
0.6,0.6656347165288516,-0.06563471652885167
2.0,1.9508293784140514,0.04917062158594865
1.8,1.8148918154992593,-0.01489181549925922
1.8,1.904517011112805,-0.10451701111280487
1.1,1.0449786490605844,0.055021350939415736
1.2,1.1645593965757814,0.03544060342421851
3.4,3.4875101606123327,-0.08751016061233274
1.0,1.2383771076146086,-0.23837710761460862
1.3,1.6028033848459797,-0.3028033848459797
1.5,1.4200242162755778,0.07997578372442216
2.6,2.8012062528371025,-0.20120625283710236
2.0,2.2932916009504556,-0.2932916009504556
3.0,2.843502683184541,0.1564973168154591
1.3,1.4151418034126662,-0.11514180341266611
2.7,2.8323176642350747,-0.13231766423507452
0.6,0.5889968786048199,0.011003121395180115
1.8,1.6846880952381003,0.11531190476189979
0.2,0.9751786039906843,-0.7751786039906843
1.3,1.7757701958803052,-0.4757701958803051
2.0,2.08322771674125,-0.08322771674124985
1.8,0.9921603624102111,0.8078396375897889
1.8,1.812843148556989,-0.01284314855698887
2.9,2.8954818348749223,0.004518165125077633
1.3,1.3203775918147693,-0.02037759181476928
0.9,1.2398122381549492,-0.3398122381549492
1.8,1.8317130747126484,-0.03171307471264839
1.3,1.1966557537251619,0.10334424627483818
1.7,1.7658521827780254,-0.0658521827780254
1.1,1.1466096547253444,-0.046609654725344285
2.0,1.8954266295461748,0.1045733704538252
0.4,0.5426140506955128,-0.1426140506955128
3.5,2.32863846825689,1.17136153174311
1.6,1.4697399912587414,0.13026000874125865
1.8,1.7282658730158789,0.07173412698412118
2.1,1.962004748312485,0.13799525168751514
1.9,1.856311981517955,0.043688018482044955
1.8,1.7680215431430273,0.03197845685697276
0.9,0.9862561883764672,-0.0862561883764672
1.8,1.7680109241198503,0.031989075880149764
2.5,2.475573809523809,0.02442619047619088
1.1,2.1343879338377207,-1.0343879338377207
2.3,2.613498720269194,-0.3134987202691941
0.5,0.5895480491781786,-0.0895480491781786
3.5,3.464907763815772,0.035092236184227854
2.1,3.101377263300425,-1.0013772633004248
1.6,1.3857283133206666,0.2142716866793335
0.5,0.5866646253928283,-0.08666462539282827
3.1,3.0280442343604106,0.0719557656395895
1.2,1.306712223369261,-0.106712223369261
2.1,2.139201014320352,-0.039201014320351835
1.4,1.7001434024257387,-0.3001434024257388
3.0,3.4972072715454914,-0.4972072715454914
1.1,1.1833869469200202,-0.08338694692002013
4.2,3.9891429980887767,0.21085700191122347
1.8,1.8809860649686287,-0.0809860649686287
2.3,2.654370016034689,-0.354370016034689
2.9,2.4175143467643503,0.4824856532356496
0.6,0.714584538501231,-0.11458453850123107
0.6,0.7838467611556652,-0.18384676115566523
3.3,2.728463032633002,0.5715369673669977
1.8,1.558706303214043,0.24129369678595713
2.0,1.0101334557038881,0.9898665442961119
1.4,1.2474339776504486,0.1525660223495513
3.4,3.1798119393764153,0.22018806062358465
1.8,1.077978877418336,0.722021122581664
1.8,1.8471788855449176,-0.04717888554491756
1.5,1.129016663010686,0.37098333698931407
1.8,1.7677607484806428,0.03223925151935725
2.2,2.642059801894011,-0.44205980189401073
3.9,3.8403804337647203,0.05961956623527964
3.1,2.8442387095747397,0.2557612904252604
2.5,2.3501659868735376,0.14983401312646238
1.2,1.1914805053065631,0.008519494693436824
1.4,1.536081269533337,-0.1360812695333371
0.6,0.7752156039543628,-0.17521560395436286
1.8,1.8118098152236553,-0.011809815223655207
1.1,1.1461008722463064,-0.046100872246306324
0.4,0.8987922140120419,-0.4987922140120419
2.3,1.968709462464337,0.33129053753566273
0.7,0.8130860990910175,-0.11308609909101752
3.7,3.6352831300159174,0.06471686998408277
0.8,1.048142041836126,-0.24814204183612598
2.6,2.752249575661077,-0.15224957566107689
1.8,1.8348485189763377,-0.03484851897633767
1.8,1.931055893902936,-0.13105589390293604
2.0,2.0900640180715815,-0.09006401807158149
4.2,3.975707482614004,0.22429251738599598
2.9,2.187607858180471,0.7123921418195289
1.9,1.9534113302721465,-0.05341133027214662
4.1,4.155189926739925,-0.05518992673992518
1.8,1.7598377803989411,0.040162219601058924
2.7,2.8612172619047618,-0.1612172619047616
1.8,2.0592024247253446,-0.2592024247253446
1.6,1.6909088213320547,-0.09090882133205458
2.3,2.3716158598146975,-0.07161585981469765
1.7,1.7372318979604304,-0.03723189796043047
3.9,3.727012978524744,0.1729870214752558
1.9,1.867259429293874,0.032740570706125904
0.8,1.398098280337177,-0.598098280337177
1.6,1.4201167424059142,0.17988325759408585
4.6,4.099610843484851,0.5003891565151486
1.3,1.4712677857477487,-0.1712677857477487
2.6,2.450352251294578,0.14964774870542197
1.8,1.763036172384767,0.03696382761523309
1.8,1.6034540161658173,0.19654598383418276
1.4,1.2803500940725947,0.11964990592740521
2.3,2.330085641004411,-0.030085641004411023
1.8,1.7308501497877384,0.06914985021226161
2.8,2.632537105828955,0.16746289417104476
4.5,3.6893175437774137,0.8106824562225863
0.4,0.5223979764087291,-0.12239797640872907
2.5,2.3072838018183486,0.19271619818165142
0.5,0.6169433784475126,-0.11694337844751257
1.4,1.5179733779083409,-0.11797337790834095
1.6,1.1607842768342764,0.43921572316572366
3.0,3.1096472617186715,-0.10964726171867145
1.3,1.243493038396628,0.056506961603371986
1.8,1.829121013077154,-0.02912101307715398
1.8,1.9966000000000008,-0.19660000000000077
0.6,0.5628130733274862,0.037186926672513776
1.6,1.4710954769297004,0.12890452307029965
1.8,1.8353991295333276,-0.03539912953332758
0.3,1.1715347979765658,-0.8715347979765657
3.9,3.353700073616377,0.546299926383623
0.8,0.7812285015564904,0.01877149844350967
1.8,1.8022415387213717,-0.002241538721371672
1.8,1.800043148556989,-4.314855698894782e-05
3.5,3.481647316572315,0.018352683427684813
1.0,1.105384227725648,-0.10538422772564804
1.4,1.2528769514382885,0.14712304856171143
2.3,2.064419680480623,0.23558031951937686
2.3,1.844013133950403,0.45598686604959693
0.6,1.1308516442307144,-0.5308516442307144
0.9,0.9953216476469254,-0.09532164764692541
1.8,1.0709022880234658,0.7290977119765343
1.8,1.5278313309239777,0.27216866907602233
1.8,1.745847707647643,0.05415229235235697
1.0,1.1064101904146972,-0.10641019041469724
1.7,1.2222990397037734,0.47770096029622655
2.0,2.07956899949793,-0.07956899949792984
2.6,2.54881949939569,0.05118050060431001
0.8,0.6890748167741093,0.11092518322589073
3.9,3.6896873028397987,0.21031269716020118
1.1,0.9660494353407918,0.1339505646592083
4.7,4.326439194139192,0.37356080586080775
1.8,1.7169213327985156,0.08307866720148449
3.5,3.1991257756132727,0.3008742243867273
0.7,0.9475522956658817,-0.24755229566588177
1.6,1.7198557408001613,-0.11985574080016126
1.8,1.8137245439058258,-0.013724543905825781
1.8,1.6516387491249507,0.14836125087504937
1.8,1.7794867233604095,0.020513276639590572
3.2,3.2683216967915136,-0.06832169679151345
1.6,1.5152712651727342,0.08472873482726584
4.5,4.2386632415821035,0.2613367584178965
2.7,2.1729332460411475,0.5270667539588527
2.5,2.442784641704822,0.05721535829517821
0.7,1.2543981035810008,-0.5543981035810008
3.5,3.155296848330757,0.3447031516692429
1.8,1.7476220247534855,0.05237797524651455
1.5,1.5652134367670696,-0.06521343676706959
0.3,0.46638225452148246,-0.16638225452148248
1.5,1.7720200069897907,-0.2720200069897907
1.2,1.2897536047286051,-0.08975360472860516
1.9,1.6734471539063427,0.22655284609365722
4.2,4.213201772991206,-0.013201772991205729
2.8,2.9283834615515296,-0.1283834615515298
1.8,1.4024155110467644,0.3975844889532356
1.2,1.0837567261951597,0.11624327380484023
4.4,3.540042540178259,0.8599574598217412
2.8,2.2906198412698413,0.5093801587301585
1.8,1.8007400614736446,-0.0007400614736445821
1.5,1.2255688874850652,0.2744311125149348
2.1,2.322410630833307,-0.22241063083330692
1.8,1.7870641599870118,0.012935840012988198
1.1,1.413570222069598,-0.31357022206959795
0.9,0.9666227681140459,-0.06662276811404588
2.9,3.003980072460219,-0.10398007246021912
3.5,3.6445135779042808,-0.14451357790428077
1.1,1.0266221557984088,0.07337784420159132
1.5,1.4414520768598436,0.058547923140156444
1.1,0.9951589254542047,0.10484107454579539
3.7,3.646220436507935,0.05377956349206503
1.4,1.3157857045895287,0.08421429541047121
1.8,1.7552351484150364,0.04476485158496368
1.8,1.752690420731236,0.04730957926876411
0.9,0.9547572827520148,-0.054757282752014746
4.5,4.056854668534081,0.44314533146591906
2.4,2.242540873015873,0.157459126984127
3.6,3.4744321428571423,0.12556785714285779
4.0,3.4353467893217893,0.5646532106782107
1.8,1.4273880952380964,0.37261190476190365
1.1,1.0518944082968318,0.048105591703168304
1.3,1.3278907579457226,-0.0278907579457226
1.8,1.4859804277327289,0.3140195722672712
2.2,2.176209569081149,0.023790430918851246
2.6,2.2783611111111104,0.3216388888888897
2.1,1.90995026720993,0.1900497327900701
1.8,1.7399685090607337,0.0600314909392663
2.0,2.032562151277517,-0.03256215127751716
1.8,1.6754589595187424,0.12454104048125769
0.9,1.1920365909342094,-0.2920365909342094
1.8,1.7935000000000068,0.006499999999993289
2.7,3.534183302005013,-0.8341833020050129
0.6,0.6888395974099357,-0.08883959740993574
3.2,2.658305048550519,0.5416949514494811
2.0,1.9088540966850482,0.09114590331495176
3.3,3.2416895174841693,0.058310482515830486
3.8,3.455315580783595,0.3446844192164047
1.8,1.8283066238743877,-0.02830662387438765
1.6,1.7406513689551326,-0.14065136895513253
3.2,3.0225949296672825,0.17740507033271768
1.9,1.924363026950287,-0.024363026950287026
2.2,2.3860105769230775,-0.18601057692307732
0.5,0.6917101363320698,-0.1917101363320698
1.8,1.3572340822332123,0.44276591776678775
3.4,3.464421171849306,-0.06442117184930618
1.0,1.043603409923264,-0.04360340992326406
2.5,2.7259111463311427,-0.22591114633114273
0.7,1.149721582165903,-0.4497215821659031
1.2,1.7535198809066024,-0.5535198809066024
1.1,1.0699778347537623,0.030022165246237797
1.3,1.4754291904582348,-0.1754291904582348
3.5,3.6324103327228294,-0.13241033272282943
1.3,1.2753161923274896,0.02468380767251044
1.8,1.8881122554448198,-0.08811225544481971
1.0,1.5730658429929019,-0.5730658429929019
0.7,0.6210852889427703,0.07891471105722969
1.6,1.4968472210523993,0.10315277894760078
1.9,1.8892197686095107,0.010780231390489226
3.1,3.0604471628327166,0.03955283716728353
1.8,1.7997993396364895,0.00020066036351051864
1.3,0.8554274022530665,0.4445725977469336
1.3,1.5005176461846068,-0.20051764618460677
1.3,1.636330153299517,-0.3363301532995169
1.6,1.7800752302750789,-0.18007523027507877
1.0,1.1929577463301808,-0.1929577463301808
3.5,3.353166594516596,0.14683340548340418
1.8,1.8649454547153712,-0.06494545471537116
4.1,3.505273973373834,0.5947260266261658
3.6,3.8596986445901758,-0.25969864459017566
1.5,1.350157484237367,0.14984251576263308
4.2,4.2499360705487605,-0.04993607054876037
1.4,1.3665060996250225,0.03349390037497746
2.0,1.8605842026675763,0.1394157973324237
0.5,0.47820071070718223,0.02179928929281777
4.4,4.260671598380705,0.13932840161929505
2.3,2.2463713459742873,0.053628654025712486
2.6,3.49024124972815,-0.8902412497281498
1.9,2.057253174603177,-0.15725317460317711
2.1,2.0266062384417487,0.07339376155825139
1.2,1.0320162034338276,0.16798379656617235
1.8,1.8455988037788151,-0.04559880377881509
1.9,1.7929266797758165,0.10707332022418337
3.4,3.529688717792888,-0.12968871779288804
1.8,1.683509132213684,0.11649086778631612
1.3,1.1111723312542736,0.18882766874572643
0.3,0.6067327512999233,-0.30673275129992333
1.8,1.8779132102309533,-0.07791321023095321
1.7,1.4290861413969702,0.27091385860302974
1.8,1.2079304716220776,0.5920695283779225
0.3,0.9156919011544018,-0.6156919011544018
1.0,1.0622829059772478,-0.06228290597724784
1.2,1.0803829928781947,0.11961700712180523
0.8,0.8497944997805704,-0.04979449978057038
4.0,3.3108402755869886,0.6891597244130114
1.8,1.7539254407523757,0.04607455924762438
1.2,1.3843611739827617,-0.18436117398276175
3.4,3.349874423369028,0.050125576630971835
4.3,4.320529563492063,-0.020529563492063474
1.8,1.842792401048682,-0.04279240104868198
1.4,1.2964500823380072,0.10354991766199273
1.8,1.6408050183164955,0.15919498168350454
2.2,2.1738544176196792,0.026145582380320942
1.8,1.8818487223961968,-0.08184872239619678
1.8,1.76280917509286,0.037190824907139985
4.6,2.8803248015873026,1.719675198412697
1.8,1.7281562671327535,0.07184373286724655
1.0,0.9285662049185791,0.07143379508142089
1.8,1.7854536640562606,0.014546335943739441
3.4,3.423328336090109,-0.02332833609010887
1.3,1.148284041033607,0.151715958966393
1.8,1.7432734363345432,0.05672656366545681
3.1,2.824133928930188,0.275866071069812
2.3,2.1050465641581,0.19495343584189984
3.3,3.319552380952382,-0.019552380952382098
1.5,1.7807713817574653,-0.2807713817574653
2.6,2.6146970779220795,-0.014697077922079416
3.1,3.3556050501785797,-0.2556050501785796
1.6,1.6639743007879837,-0.0639743007879836
1.5,1.6410193806722198,-0.14101938067221975
1.1,1.4944995737016191,-0.39449957370161903
1.5,1.4909862306679442,0.009013769332055777
2.5,2.469668057465409,0.03033194253459115
2.4,2.2121967509572347,0.18780324904276524
2.6,2.60271581890332,-0.0027158189033200664
1.3,1.1922062365006827,0.10779376349931735
1.1,1.100396835915021,-0.00039683591502082116
1.9,1.9500586134453797,-0.05005861344537976
3.0,2.7748572391899478,0.22514276081005224
4.5,4.036696492282116,0.4633035077178844
1.8,1.934854365079371,-0.13485436507937099
1.3,1.0967356651107072,0.20326433488929285
2.9,3.0793341269841297,-0.17933412698412976
1.8,0.7729070818070819,1.0270929181929183
4.5,4.23294222797009,0.26705777202990966
1.8,2.1847428571428607,-0.3847428571428606
2.1,2.232370517888781,-0.13237051788878107
3.8,3.848256748806747,-0.04825674880674713
0.7,1.2634922670339026,-0.5634922670339026
3.3,2.919949381742046,0.38005061825795394
0.9,0.9370769510539526,-0.03707695105395259
2.2,2.150982970794734,0.049017029205266294
2.0,1.9646986975322611,0.03530130246773888
1.7,1.994816281427205,-0.29481628142720506
0.2,1.0790695020639502,-0.8790695020639503
0.9,0.9391024336600566,-0.03910243366005661
1.8,1.751575821268398,0.048424178731601986
2.4,2.131409519222882,0.2685904807771178
1.0,0.994722499922704,0.0052775000772959935
3.0,3.195644291600524,-0.19564429160052388
2.2,2.0368664853558642,0.16313351464413595
1.4,3.340258944256228,-1.940258944256228
1.4,1.280037473429082,0.11996252657091788
1.4,1.3935766298722914,0.00642337012770855
3.4,3.335379247025762,0.06462075297423775
1.8,1.8000431485569888,-4.314855698872577e-05
1.8,1.726169961205328,0.07383003879467198
2.1,2.150975381816948,-0.05097538181694805
1.6,1.7928814353411664,-0.1928814353411663
1.2,1.572963073634793,-0.3729630736347931
1.9,1.7671013149767199,0.13289868502328006
2.3,2.4649830723198374,-0.16498307231983755
1.6,1.6020424603174603,-0.0020424603174602485
1.8,1.2355628213259193,0.5644371786740807
2.5,2.1817035556029976,0.31829644439700244
1.7,1.855899967961933,-0.15589996796193306
1.8,1.6117436790300337,0.18825632096996636
3.2,3.542876618629908,-0.3428766186299077
3.3,3.3333117515525426,-0.033311751552542734
0.8,0.8545823168895192,-0.0545823168895192
1.8,1.8000431485569888,-4.314855698872577e-05
2.3,2.3688570875681,-0.06885708756810027
1.8,2.2952678017682526,-0.4952678017682526
1.3,1.4257810565664952,-0.1257810565664952
1.9,2.0689451097105516,-0.16894510971055166
2.9,3.5742345817194505,-0.6742345817194506
1.8,1.3039120440809444,0.49608795591905563
4.3,3.7441014790764795,0.5558985209235203
3.5,2.9307467851592848,0.5692532148407152
1.4,1.603062649076741,-0.2030626490767411
