Actual_CO_GT,Linear_Regression_Prediction,Random_Forest_Prediction
1.3,1.437590319998331,1.1940000000000002
1.8,0.9359754364189801,0.9599999999999995
2.6,2.544029984405031,2.7800000000000007
3.1,3.028419106755609,3.2570000000000006
1.3,1.7607334589188115,1.569
1.8,1.2587736150395465,1.7050000000000005
1.4,1.5673808827970555,1.4400000000000006
1.8,2.1051851299549216,1.9930000000000003
1.1,1.2067095449819125,1.4170000000000003
1.0,1.2426104312430852,0.917
1.9,1.5085036627144988,1.598000000000002
1.0,1.3418486946384385,1.2490000000000006
0.9,1.593178077805243,1.401999999999999
2.2,2.1098434452408252,2.1510000000000002
1.9,1.9228579141041051,2.184
1.6,1.6059394700293648,1.5490000000000002
0.6,0.7817609949639266,0.6780000000000007
1.8,1.9511120967966578,1.8330000000000017
1.1,1.7176437475958402,1.4780000000000002
1.0,0.6563689025905939,0.9819999999999993
0.9,1.2720453964840295,1.2209999999999999
3.9,3.780727520192908,3.9250000000000007
5.5,5.8748578424425,6.805
0.5,1.1870177688399994,0.7009999999999998
4.6,3.6156228320109842,4.164999999999998
2.2,1.7857319694898834,2.1659999999999995
0.4,0.37465929012694854,0.544
2.4,2.2959859704691508,2.1050000000000013
2.1,2.5838571192820363,2.6649999999999987
2.0,1.997601565875709,1.9520000000000004
6.2,5.272745922172222,6.553999999999999
3.0,2.79508591944385,3.130000000000001
1.1,0.9225482735648216,1.0640000000000003
1.8,1.4197459625330042,1.8210000000000013
3.3,3.37149444220232,3.3140000000000005
3.5,4.043350693813608,3.9770000000000003
0.7,0.6807331758076449,0.6720000000000003
1.8,2.475625485001252,2.3140000000000045
1.8,2.5364839432707473,3.435000000000004
1.8,2.41774760648883,1.8000000000000032
3.1,2.9360860916968807,2.863
1.4,1.7167822074604242,1.6939999999999997
1.8,2.083327818228414,1.8320000000000016
5.5,4.702548945187134,4.795000000000001
0.8,1.1368112417362481,1.0270000000000001
1.4,1.2944574560274826,1.6670000000000005
1.6,1.9777966355864716,1.810000000000001
2.5,2.1927010991415505,2.4330000000000007
2.9,2.741552020982431,2.920999999999999
1.5,1.6650902247628383,1.5360000000000007
3.9,3.555870126047604,3.5670000000000006
0.6,0.9158813737194103,0.7040000000000003
4.0,3.3981872941060622,3.634999999999999
3.9,4.245495574760083,4.3919999999999995
3.1,2.692150070449225,2.488000000000001
1.8,2.1959111565823664,1.7800000000000014
0.8,0.7680944770455038,0.9289999999999995
1.1,1.300408813793451,1.1629999999999998
3.7,3.550447843990956,3.7239999999999993
1.8,0.8145260567451016,1.1589999999999983
2.7,2.5480154355357265,2.774999999999999
4.1,2.5222913994840055,2.8930000000000025
1.8,2.928514419333026,2.8670000000000004
3.3,2.8009376470680696,2.9890000000000008
0.3,1.149942621665175,0.9659999999999991
0.9,0.48359056132822453,0.8329999999999997
2.3,2.342216249560056,2.2759999999999994
1.8,1.6343189405598553,1.7480000000000013
0.8,1.1888950177801783,0.8989999999999998
0.8,0.7034835340418968,0.6719999999999999
1.8,0.861368116854963,0.7579999999999992
0.6,0.8331200835763475,0.6950000000000003
1.8,2.071194028313772,1.9040000000000028
1.9,1.5756368438463406,1.6060000000000003
1.8,3.4845811301540652,1.8180000000000032
1.7,1.5296408512099728,1.6729999999999992
3.5,2.892603428288072,2.7700000000000014
1.8,2.554118105204073,1.9340000000000035
1.8,1.7832681123694614,1.7900000000000018
2.4,1.8610784982446869,2.2399999999999993
1.8,1.5915355851765847,1.7830000000000015
1.1,0.9733569186940758,1.0770000000000002
1.8,1.5516874158792129,1.7060000000000013
0.3,0.14944651765692973,0.43699999999999967
1.2,1.2579243322609281,1.264
2.7,2.3455552186503703,2.6870000000000003
1.3,1.1449857643527914,1.1049999999999993
0.5,1.2478962853211777,1.1149999999999987
1.8,1.6237225899004133,1.6280000000000008
3.2,3.1420890481487103,3.0630000000000006
2.6,1.9863249121494513,1.9050000000000002
1.7,1.769668603820857,1.642
4.7,4.815933392946011,4.9220000000000015
1.0,0.9344370081035276,0.7559999999999998
1.8,1.922094868162773,1.8060000000000023
5.3,5.447724105597992,5.387000000000003
2.1,2.1216425806399557,2.1500000000000004
2.1,2.3474325315793374,2.3710000000000018
1.8,2.9877181769669257,2.72
0.5,0.8475555799161087,0.8799999999999996
0.7,0.8599540068793832,0.7589999999999999
2.5,2.3630110793404366,2.623999999999999
1.0,1.0080891878458296,1.0919999999999996
2.6,2.669229015270209,2.6689999999999983
0.5,1.6377408574228376,1.3190000000000006
1.7,1.8669285937934335,1.6989999999999994
3.1,2.627612142508104,2.783
1.8,0.7320847036068905,1.239999999999999
1.8,1.5557577460452556,1.5349999999999993
1.8,1.2923202289963533,1.8000000000000016
0.4,0.8176465418605539,0.44899999999999984
1.1,1.445372989058995,1.1439999999999997
2.7,2.5683898555524074,2.5940000000000007
1.3,1.548930027821839,1.608
1.8,1.2932334623691988,1.6730000000000007
0.5,0.5110681463421158,0.741
4.1,3.057497169181055,3.313999999999999
3.0,3.1194781461437664,3.0250000000000012
2.0,2.1386203094085476,1.947
2.1,1.343795243995402,1.7060000000000004
6.6,5.430663336681022,6.497999999999998
1.8,1.7837682198396387,1.8230000000000015
1.8,1.7435875905172997,1.5999999999999996
1.6,1.306562529765409,1.4450000000000005
0.4,1.0137542456010837,0.6050000000000001
0.7,0.855255076376402,0.6290000000000002
2.5,2.2334616940448506,2.3360000000000003
1.1,1.4363245753011529,1.308
3.7,3.150733872605472,3.6239999999999988
3.6,3.0726294853836347,3.409999999999999
1.9,1.9476723778418008,1.7369999999999997
1.8,2.0353906039953804,1.819000000000002
1.8,2.366570508343095,1.9260000000000028
1.8,1.7499001296632652,1.7900000000000011
1.6,2.0038020536300167,1.9080000000000015
0.5,0.5545650761854437,1.0669999999999997
1.8,1.4743746321695683,1.7140000000000013
1.4,1.4578040218635149,1.4210000000000012
1.8,1.569584546335061,1.8160000000000012
0.2,0.4133535158792978,0.7849999999999985
0.6,0.6747731328192861,0.777
4.7,3.980335736699931,4.352999999999997
1.5,2.038250249794702,1.800000000000001
1.1,1.2101486490599327,1.1309999999999998
4.3,3.7522451410223976,3.667999999999999
2.4,2.476721685694929,2.5870000000000006
1.2,1.1322862601091797,1.056
2.4,2.354306212551319,2.3280000000000016
1.8,1.4042756166584947,1.5860000000000007
0.7,0.4340845123582908,0.6190000000000003
2.1,1.8846295447401884,2.1000000000000005
1.0,1.014488781105154,0.9959999999999998
1.4,1.773850370399234,1.454
0.8,2.0743321084504185,1.7380000000000004
3.4,3.9299896005212642,3.5299999999999985
2.5,2.4035176906132674,2.4939999999999993
1.8,2.0430722301053246,2.2120000000000037
1.8,2.2405363660144,1.8320000000000025
1.1,0.8881307470768651,1.0029999999999997
1.8,0.7410413773115503,1.3499999999999988
1.8,1.2975581119689115,1.3639999999999992
0.8,1.304159420259849,1.0839999999999999
2.6,2.2343382561945475,2.2169999999999983
1.8,1.7934286060388067,1.6240000000000003
4.3,4.035249215082393,4.560000000000003
0.3,1.3443381024977485,0.4940000000000002
0.2,0.8624649748181199,0.48700000000000004
3.5,2.686674639211739,3.1100000000000008
0.8,2.051128954493059,1.585
0.7,1.1832314534611763,0.9459999999999994
1.2,1.070026412719261,1.4340000000000002
1.0,1.2402264032120773,1.1569999999999998
0.6,1.5639492864944935,1.0979999999999999
1.1,0.8875666842238146,1.0540000000000003
2.8,2.750139144923893,2.8600000000000008
0.9,0.8465371755432012,0.9099999999999997
4.5,4.285209045988481,4.748999999999999
1.6,1.3733307609910146,1.6850000000000003
1.8,1.8276490413028124,1.7820000000000014
4.7,4.532647623298814,5.154999999999997
1.9,1.9121589234595104,1.7780000000000005
4.7,4.824924150339628,5.054000000000004
1.0,1.2139471792105005,1.335
0.4,0.6218331877863559,0.8789999999999994
2.4,2.7491292151273705,2.4419999999999984
0.3,1.1376859963750308,0.916
2.2,2.191364510046958,1.9810000000000003
5.9,4.040306930008237,4.505999999999998
1.1,1.6554204732346494,1.4780000000000002
2.1,2.4556610034708912,2.0800000000000005
1.9,1.8547352876993954,1.4720000000000006
2.2,2.470935386360126,2.2509999999999986
1.5,1.8593233207249265,1.8079999999999992
0.9,1.199519894006261,0.9769999999999994
3.0,2.286115579363336,2.2219999999999995
4.9,4.277462839373075,3.951000000000002
1.8,1.0236642916103844,1.477
3.1,2.678796455232259,2.6700000000000013
2.5,2.241918686049033,2.193000000000001
2.7,2.4788058423949457,2.5109999999999992
3.2,3.2045611005859325,3.233999999999999
4.0,3.990566133473883,3.693000000000002
5.5,3.954582284144119,4.23
0.7,0.6920375789013162,0.6969999999999998
0.4,1.4021396027301227,0.4499999999999996
2.8,2.5837037839082324,2.286000000000001
3.9,3.6587329352479294,3.908000000000003
1.9,1.7295176089373183,1.896
1.8,0.6596506711230739,0.8439999999999996
1.9,2.0743504528725962,2.032
1.8,1.7615214755444812,1.7640000000000016
1.8,2.1855882222042555,2.0170000000000012
0.6,0.5837092492509441,1.0789999999999993
2.7,1.9694756460310228,2.703999999999998
2.3,1.9173048132540083,2.147
1.6,1.726958874219472,1.551
1.0,1.1180105106709801,0.9339999999999996
1.2,1.3967544758277044,1.3079999999999998
0.9,1.0024837045451491,1.1599999999999995
5.0,3.585114195471662,4.492000000000001
1.0,0.9875195439967523,0.8529999999999999
1.3,1.3233710831611534,1.276
1.5,1.5876914929818589,1.39
4.6,3.5177956699512176,4.202000000000001
3.5,3.0618550135783416,3.3920000000000017
0.3,0.8055528610512603,1.0179999999999998
1.5,1.5137567664687808,1.41
2.1,2.294261973931064,2.0360000000000005
2.4,1.9119715995772546,1.9890000000000014
1.7,1.8434210563043127,1.9270000000000007
9.5,8.289072145781283,7.787999999999999
0.7,0.7935468707325946,0.7760000000000001
1.8,1.8297509949158368,1.736000000000002
2.0,1.928174964883191,1.729000000000001
1.3,1.4966083345147192,1.2849999999999995
0.4,0.615601198018622,0.6599999999999998
2.7,3.2348845327032563,2.8059999999999996
1.0,1.1385038329118036,1.0439999999999998
2.1,1.8632091679646376,1.9799999999999995
1.8,1.25471316198995,1.1689999999999998
2.4,2.3611762045283586,2.274999999999999
2.5,2.3494890605225915,2.357000000000002
1.8,0.1760333329185313,1.504
1.9,1.9955744921631104,2.0800000000000005
1.8,1.4314420227563303,1.2889999999999988
3.4,3.360965065185465,2.7340000000000027
1.8,2.147066652387232,1.8370000000000015
1.8,1.4787692190084614,1.7500000000000013
1.2,1.099834955736423,0.8789999999999998
2.6,2.298567115393856,2.4469999999999996
2.5,2.135923749315786,2.3880000000000003
0.6,1.0825290179994635,1.0219999999999991
1.2,1.2317098895714613,1.1409999999999998
1.8,1.6667447754683855,1.764000000000001
1.8,2.493063179343723,1.8000000000000032
1.2,1.839067816823173,1.5939999999999994
0.6,1.0052871797293812,0.634
0.8,0.7399515422716139,0.7910000000000003
2.5,1.9149945154532815,2.006
3.1,3.00877606238308,3.037999999999999
2.3,2.5133421545996697,2.3869999999999996
3.2,2.7606600371559913,3.052
5.5,4.811201251985812,4.3919999999999995
1.8,1.8306037795428287,2.771000000000003
2.2,2.059710962024907,1.9579999999999997
6.6,6.371706423699891,6.950999999999997
0.9,1.017598305049085,0.8899999999999996
3.2,3.1579930180152447,3.188
4.5,3.8412470426068586,4.619000000000002
5.0,4.88567557290326,5.291
2.9,2.4875093426063333,2.757999999999999
1.8,2.0774643237099384,2.142000000000002
2.1,1.93848547731139,2.018000000000001
4.6,4.147740745415971,5.233000000000003
1.0,0.7624047609083744,0.8250000000000002
0.7,0.8477838813415102,0.676
2.2,2.3387030667354156,2.225999999999999
0.6,1.5627514298729985,1.0009999999999997
2.4,2.3014649141250048,2.1779999999999986
0.6,0.7214732941356592,0.6410000000000007
4.6,3.7235031894003185,4.178000000000002
1.0,1.0376378151430614,1.152999999999999
1.5,1.0568440332025597,1.2809999999999995
1.9,2.04802593208916,1.9580000000000002
1.3,1.5611823455334437,1.3520000000000008
1.5,1.7232425540209038,1.5570000000000013
4.1,3.391561734912642,3.8920000000000012
3.2,2.8612828562433363,2.9659999999999997
3.4,3.3442794755006706,3.5660000000000003
2.7,3.0581373991492655,3.3640000000000008
3.3,3.1466101580263013,3.448000000000001
2.3,2.843418620000192,2.6849999999999983
0.9,0.8476185257306599,0.9549999999999997
2.2,2.2765357517441136,2.0200000000000014
1.4,1.564485213504819,1.601
2.0,2.587210825513841,2.424
0.2,0.20079111485038137,0.3919999999999998
0.5,0.7627350583956898,0.7939999999999996
8.4,7.179536956560149,7.285999999999998
2.0,2.009832796998055,2.3080000000000016
1.5,1.3122463833509879,1.538000000000001
1.6,1.885238727382366,2.2960000000000007
5.6,5.02642003359658,5.837999999999998
1.9,1.946277315380637,1.9460000000000002
1.8,1.8064665435404335,1.7640000000000011
3.4,3.523885629999352,3.6180000000000017
2.2,2.1256056635010823,2.1180000000000008
2.3,2.1572859367427153,2.431000000000002
1.8,1.3525663754699795,1.669000000000001
1.8,1.2829921399033375,1.7880000000000016
3.2,3.0260185623417044,2.914
2.2,2.09275098786767,1.929000000000001
3.0,3.238703473463149,3.1120000000000005
4.2,3.516091638965299,4.122000000000001
1.5,1.3470238244696575,1.4279999999999993
1.4,1.7642250805007778,1.9680000000000009
2.1,1.7421080718751076,2.1149999999999998
1.8,1.1358692002094317,1.7160000000000004
5.6,5.040642923879843,5.553999999999999
3.1,2.6804256230271797,2.8169999999999993
0.5,2.2932693397340005,2.3620000000000005
3.8,3.326546040018269,3.536000000000001
1.0,0.8901098654821515,0.8090000000000004
0.8,0.656913974554526,0.8529999999999996
1.1,0.9291591592102959,1.1030000000000004
1.8,1.8425958346538307,1.8240000000000018
1.0,1.3434201948077937,1.097
2.3,2.115427678904041,1.9449999999999996
4.0,4.091441146418004,3.804999999999998
1.8,4.094757323287931,1.8000000000000032
1.4,1.1501806760795397,1.352
0.6,1.2640684524585204,1.1999999999999997
3.5,3.4558172526663267,3.5759999999999996
1.2,1.3210506064729208,1.2479999999999998
1.8,1.8601817533778235,1.7980000000000018
2.8,2.640873971620909,2.688
1.2,1.4843748586289003,1.4560000000000002
1.4,1.1524489697393379,1.4389999999999998
2.9,2.5618517403141503,3.0000000000000013
1.5,3.98768410108327,2.4209999999999994
1.2,1.3884776116684239,1.0319999999999998
0.3,0.6472648900746174,0.3210000000000002
0.7,1.0445600829812867,0.8389999999999996
1.5,1.9171150596218085,1.764000000000001
1.8,1.7370175530227563,1.8230000000000004
0.8,1.527393964113472,0.8399999999999994
1.5,0.9669700211569447,1.4059999999999997
1.7,1.421379365009176,1.5319999999999998
2.3,2.1246253881457435,2.145999999999998
3.6,2.968792880489885,3.307
1.8,1.59693567410503,1.6739999999999997
1.5,1.7673450053762254,1.661999999999999
3.4,3.424190405689147,3.389
2.0,2.075480752309918,2.224
6.0,5.151318076390973,5.975000000000001
2.5,2.495769433276248,2.444999999999999
1.8,1.7883370226934343,1.628999999999999
2.3,4.5644014609083,4.007999999999999
1.8,1.7847221009165009,1.6330000000000007
5.9,5.790249401567889,5.362999999999997
3.6,3.905548082666893,3.5600000000000027
2.2,1.684738093589555,1.9970000000000006
1.8,2.0124162276557356,1.823000000000001
1.5,1.3321074306028857,1.4439999999999997
1.9,1.8977469771824653,1.889000000000001
2.2,2.562231672508087,2.3310000000000004
3.1,3.8948300371157814,3.285000000000001
2.3,2.612010312578603,2.4659999999999997
1.2,1.269495617940097,1.1119999999999994
2.9,2.927420301737123,2.9360000000000017
1.8,1.3378192129042288,1.3689999999999998
2.9,2.5845366457983747,2.599000000000001
1.4,1.2990029009284108,1.4680000000000013
3.9,3.2974141220754394,3.3670000000000004
1.6,1.398986249793607,1.5470000000000002
3.6,3.41645334782865,3.9979999999999993
1.7,1.3367928033536058,1.7690000000000006
1.1,0.9569471332948616,0.9339999999999996
1.8,1.5737919339740902,1.6400000000000015
0.3,1.4074107333161887,0.6909999999999996
1.9,1.9216654273376839,2.008
1.5,1.6058306100450106,1.2810000000000001
1.6,1.601215384085658,1.6710000000000005
0.9,1.112294059509355,0.971
1.5,2.1329277380782017,1.633
1.8,2.0934874957131457,1.9460000000000024
1.5,1.6474309010113368,1.550000000000001
2.4,2.268236456950908,2.278
2.3,2.7220241410514316,2.581999999999999
0.5,0.814682905668719,0.7120000000000003
0.6,1.404099034657223,0.8229999999999993
1.8,1.7066566677867068,1.7150000000000014
1.5,1.4087663857117956,1.5410000000000008
1.2,1.7670907727038392,1.8020000000000003
2.9,2.7452847373841496,2.6830000000000007
1.8,1.515279263197398,1.5390000000000001
1.8,1.4424772945937978,1.577
2.3,2.253664279761557,2.3569999999999998
1.8,1.9816419830109935,1.8610000000000022
1.8,1.3657409608366629,1.7670000000000017
2.6,2.5243916803478537,2.596000000000001
1.4,1.4580780952912704,1.399
3.8,3.818868030294169,3.8129999999999997
1.7,1.9557209654494492,1.9479999999999997
2.3,1.7435125290005646,1.9279999999999995
1.2,1.3125090249192912,1.1889999999999998
1.9,1.6995658240355835,1.9950000000000006
2.0,1.9844728242863776,2.0550000000000006
1.7,1.562772992119053,1.8359999999999987
4.4,4.960682483161175,4.281000000000001
2.0,1.8355028734445793,2.0449999999999995
1.0,0.8881387544654036,0.9459999999999998
1.8,1.711704242522155,1.7699999999999991
1.3,1.5131016606472127,1.4609999999999994
1.8,1.468822322076405,1.786000000000002
4.2,3.114721211131406,3.724000000000001
4.9,4.524933310933456,4.738
0.9,1.3146884979716174,1.1400000000000003
1.8,1.8594180971615284,1.6670000000000007
1.8,3.037006307293323,1.8000000000000032
4.8,3.765071398601319,3.5759999999999974
2.4,2.894816141644262,2.8440000000000003
1.4,2.0070580479050326,1.6570000000000005
2.3,2.483436585218584,2.3750000000000004
1.8,1.752940657907682,1.7410000000000019
1.0,1.0544293105481852,0.9829999999999997
1.6,1.746304281592477,1.5879999999999987
1.2,1.3659536472458291,1.1399999999999997
1.2,1.1786187530652423,1.1850000000000005
1.8,0.9154730512197478,1.6669999999999994
1.8,1.2898408011046048,1.7540000000000018
1.8,1.9864887958244337,1.7890000000000021
1.8,1.3674703897763658,1.787000000000002
3.4,2.835353253316745,3.1110000000000007
0.8,1.194705084683715,0.9380000000000004
1.3,1.4598683445511,1.33
1.7,1.6777428861624721,1.6099999999999994
2.7,2.6332441678510135,2.785
0.9,0.6978521994870268,1.0020000000000002
1.8,1.815058739986889,1.7339999999999998
2.5,2.4474952165279453,2.4650000000000007
1.5,1.7269678349786164,1.5010000000000014
0.6,0.7098063556018026,0.6210000000000003
2.6,2.532995425830025,2.668
1.1,1.7289095344000915,1.2520000000000002
1.5,1.8168231270312285,1.5640000000000007
1.7,1.2507908758865776,0.9099999999999998
2.2,2.003936772815056,2.071999999999998
1.2,1.239894945545546,1.3619999999999999
1.6,1.9508997070192573,1.6830000000000005
1.7,1.8638475924723876,1.7769999999999988
1.8,0.7103768871897371,1.1699999999999993
1.8,1.6176512612835747,1.7480000000000016
0.5,0.5444932373437654,0.5670000000000001
3.4,2.6512916519649994,3.0250000000000012
1.7,1.8849852840597996,1.6720000000000013
2.2,2.437227651429063,2.233999999999999
7.5,6.036991028352578,5.804999999999996
1.0,1.0522352951669818,1.0020000000000004
1.8,2.0336226444432923,1.8850000000000013
0.3,0.7992960072916935,0.8569999999999997
5.4,4.197853400457756,4.528999999999997
1.8,1.8738886388187126,1.8819999999999997
0.5,0.7089099682494977,1.2919999999999985
1.8,1.8543254733292593,1.898000000000001
1.4,1.314280702715564,1.3120000000000005
1.0,0.8274881858638778,0.9959999999999996
3.4,3.1658751298962673,2.930000000000003
1.8,1.7789877826979204,1.9950000000000006
1.9,2.137612179486127,1.9940000000000004
1.0,1.1441574847618035,1.2670000000000001
3.9,3.489175739671018,3.968999999999998
7.6,5.880979740256637,6.596000000000001
0.6,1.0428286410792376,0.6270000000000002
1.8,0.7560130072150817,1.140999999999999
1.9,1.9283633089901822,1.9340000000000008
1.8,1.3214399485772135,1.638000000000001
1.7,1.4959853693784086,1.6209999999999996
1.8,0.9193484970688701,0.9840000000000002
5.9,5.3446823417614935,5.879000000000001
0.5,0.803313831317706,0.573
1.8,3.120398451565223,1.9040000000000037
3.0,2.620192352931001,2.7669999999999995
1.9,1.7411386980122328,1.8869999999999998
6.2,5.129134949813702,5.963999999999999
4.5,3.70546520113888,3.9100000000000006
1.9,1.7360554800049166,1.7329999999999997
3.8,4.567609768034638,3.5940000000000007
2.3,2.4338458349854535,2.2809999999999993
3.1,2.8091531045098925,3.1340000000000003
0.8,1.0865238811073406,0.8659999999999993
0.5,0.6837531248212558,0.7669999999999995
1.2,1.6437542778520622,1.4920000000000007
1.8,1.6699504291322411,1.7839999999999996
1.4,1.29492191003922,1.4699999999999998
7.7,7.069093135178511,7.084999999999999
1.8,1.763470407601444,1.6290000000000007
0.7,0.6834410984435952,0.6400000000000005
1.8,0.9237111264162787,0.595
1.8,2.1857386714032496,2.0039999999999996
1.8,2.463464849012679,1.9710000000000023
1.8,1.7524733199140823,1.7920000000000023
1.6,1.2070692582293163,1.2919999999999994
0.8,0.5946231158722046,0.8130000000000002
1.3,1.6101582973898823,1.5210000000000008
5.6,4.959418176165672,5.404000000000001
1.8,3.182498933690357,1.8080000000000032
4.1,4.360297837654448,4.459000000000004
0.9,1.2910762024712152,1.0299999999999998
2.3,2.7348818990182604,2.5320000000000005
1.7,1.920527456512176,1.8860000000000008
1.2,0.9721559049626713,1.0089999999999997
1.8,1.9076621625747454,1.727000000000001
2.0,2.7480605373948013,2.419999999999999
0.4,0.6999612141474472,0.7889999999999996
3.9,4.112093412382707,4.363999999999999
2.3,2.2171882772298517,2.4190000000000005
0.8,1.067967352175008,0.9239999999999995
1.8,1.8892910717445939,1.8000000000000016
3.4,3.4862165971370804,3.3840000000000017
0.8,0.542741824315067,0.7349999999999999
1.8,0.5239562074839474,1.1009999999999998
0.6,0.9288579067691547,0.7260000000000001
1.3,0.9945624734117189,1.0009999999999997
1.8,1.402901978297304,1.7550000000000014
2.2,1.7650709547487777,2.5879999999999996
1.2,0.9873955542455604,1.2820000000000007
2.5,1.1669042272487449,1.5590000000000002
1.4,1.244757146810183,1.4650000000000005
1.6,1.3162061364538524,1.1890000000000007
0.7,1.290606281369216,0.9479999999999998
1.5,1.300074708101411,1.328
8.7,7.2496765814487905,7.678000000000003
2.6,2.4625610465549386,2.6729999999999996
2.3,2.1798090110414106,2.2809999999999997
0.7,0.9671135127802948,0.6739999999999998
1.8,1.2014210733761552,0.863
1.2,1.2444881977784226,1.2470000000000008
4.3,3.299656213888796,3.4279999999999977
2.0,2.0493743064788967,1.9999999999999991
1.8,1.9134064299278584,1.8099999999999985
2.4,2.5998170282830344,2.3859999999999997
1.4,1.2995075156666478,1.4120000000000001
2.6,2.4272749242128095,2.597000000000002
2.5,2.224115373223319,2.42
1.8,1.7755141313429732,1.778999999999999
4.3,2.7368947354450244,2.622000000000004
1.3,1.3228523743774732,1.3990000000000002
1.8,2.3649930773368433,1.8010000000000013
1.7,1.8641769012837084,1.9950000000000008
2.0,1.981464635343628,1.819
1.8,1.8203057530606417,1.8530000000000022
0.9,0.9420091562863546,0.8860000000000001
0.5,0.8705097164605671,0.6330000000000001
0.6,0.7274577548356287,0.7790000000000002
4.5,4.310329454881196,4.561
1.8,2.4682329163623296,2.6860000000000026
2.3,2.398965653383751,2.298
1.8,1.1799475695253419,1.6840000000000013
1.3,1.2516719130089202,1.241999999999999
1.8,4.245140417348205,1.9550000000000034
1.6,1.7303367434772943,1.93
1.8,1.6394951777473328,1.645999999999999
1.8,2.9813477431246143,1.8310000000000033
1.9,2.0688950014675775,2.257000000000001
1.4,1.7077949034162034,1.6279999999999994
2.3,1.8653769944777985,1.9340000000000013
2.5,2.5621804806763095,2.633
1.9,2.2427591673926908,2.0449999999999995
3.1,3.2767199214579863,3.1420000000000017
1.8,0.8359335093303841,0.9339999999999996
3.4,2.959353001505495,3.373000000000001
1.8,1.2140406400882822,1.5480000000000005
2.2,2.4018319664112875,2.3409999999999993
3.0,2.5643799712183255,2.6390000000000016
0.9,1.3474185076381464,1.3869999999999996
0.6,1.0320182346953608,1.119
1.3,1.405034842412943,1.484
5.9,4.780224716825266,5.333000000000003
1.9,1.610239147992886,1.9269999999999996
1.8,0.8659127272916405,0.7010000000000001
1.2,1.5132470198758419,1.2670000000000001
2.6,2.3604339552132343,2.517000000000002
1.4,1.121078179977288,1.3690000000000004
1.0,0.6364823864797247,0.8649999999999993
0.8,0.8274865313596815,0.8710000000000008
1.7,1.9628058713127303,1.875000000000001
1.8,1.7445086224494828,1.7810000000000017
1.8,1.5790689528546467,1.760000000000002
2.4,2.4238657323091166,2.3350000000000004
2.6,2.4117197847074703,2.5789999999999997
1.8,1.6560073272229832,1.6810000000000007
3.0,2.4988279009455177,2.7540000000000027
1.8,1.5678046133811958,1.7060000000000004
2.1,1.728294007199981,1.8020000000000005
1.9,1.8941684052642964,1.8700000000000003
1.8,1.505094904785702,1.690000000000001
0.9,0.9736155053926181,0.985
2.4,2.271589844736984,2.3200000000000016
4.9,4.4096412226056305,4.4499999999999975
3.4,2.784540075257743,2.9790000000000014
1.8,1.337586968063209,1.4980000000000002
6.6,7.198303845462892,6.080000000000001
2.7,3.0201542088393767,3.0400000000000005
0.9,0.969776840069118,0.8739999999999988
0.7,0.8896807239911069,0.7120000000000003
1.8,2.1769574133467033,2.052000000000001
1.4,1.5582269781448095,1.4830000000000008
0.4,1.4080613352453342,0.6000000000000002
3.3,3.0846040724486916,3.3160000000000007
3.4,2.8035692249747446,2.763000000000001
2.0,2.0108933910072726,1.9850000000000008
1.5,1.784967632050408,1.812000000000001
1.8,3.4698108495944044,3.2670000000000003
1.3,1.036624574858095,1.4569999999999999
1.0,1.1061046913022148,1.0669999999999995
2.9,2.9487570224906072,3.2060000000000004
1.6,1.3342798317047273,1.0500000000000003
1.8,1.5175962644346817,1.695
1.3,1.1921899485591878,1.276
0.7,0.9114225196299857,0.9039999999999998
1.7,1.782820776566039,1.5750000000000002
4.8,4.3013138229453105,4.839000000000001
1.8,1.3416856707167233,1.7630000000000015
1.6,1.8254345412604267,1.6289999999999996
4.6,3.6716957791529667,4.155
4.8,4.3238203778995015,4.793000000000001
1.8,2.767159513840719,1.8000000000000032
1.9,2.1510658836643866,2.0859999999999994
1.0,0.9927955699123925,1.2349999999999992
3.5,3.116889526097866,2.7160000000000015
1.8,1.4925431546134538,1.8000000000000016
2.2,1.2499481336672336,1.2919999999999996
2.9,2.945444287892216,3.031
1.8,1.7858704738541733,1.885999999999999
0.2,0.5380560700904771,0.6669999999999999
2.0,1.4601837342026902,1.837000000000002
6.1,6.106120387895324,5.843999999999999
2.1,2.3218554520590824,2.119999999999998
2.6,2.5990612406550753,2.588
2.3,2.354931167917217,2.185
3.9,3.2640396934607474,3.444
2.5,2.279276336765245,2.5829999999999997
3.4,3.3681317645761553,3.6940000000000004
1.4,1.5668252724735459,1.5219999999999996
3.4,2.7898497137564715,3.1800000000000006
2.6,2.279285890608484,2.4770000000000003
2.4,3.3052114224390694,2.8719999999999994
1.8,1.345039421283948,1.6880000000000006
1.1,1.2374249168205773,1.1819999999999995
0.1,1.1201880575082428,0.9709999999999998
2.0,2.1058147510049814,2.103
1.8,1.7350256523684675,2.0360000000000014
1.0,0.9729329925426284,1.065
4.8,4.874676025727425,4.2120000000000015
3.9,3.9461637884128984,4.102
4.3,3.873913752957093,4.344999999999998
6.1,4.351665354689111,5.368
2.0,2.0721762227371276,2.0409999999999977
2.7,2.4415833756682708,2.6460000000000004
1.8,2.14700760883676,1.896000000000003
3.4,3.4330495718279233,3.4390000000000014
2.2,2.2015768581837083,2.2729999999999997
2.8,3.041512677024893,3.318000000000002
1.8,4.267191828878836,1.8000000000000032
1.6,1.7297101090039946,1.7189999999999994
1.5,1.690731098391281,1.6099999999999994
1.8,1.9681539855835195,2.0240000000000005
2.2,2.6017728656378774,2.5010000000000012
3.7,3.140001177133578,3.5150000000000006
4.8,4.289368739885626,4.5409999999999995
4.6,4.080130805073292,4.114
1.3,0.8878448251422748,1.2310000000000003
1.6,1.3611620655224552,1.4040000000000001
2.8,2.734513314612133,2.7120000000000015
8.0,7.447481429290562,6.432999999999993
3.9,4.284642107877765,4.101000000000002
0.8,0.9567349253878874,1.1639999999999993
3.9,3.7604040700426618,3.828999999999999
1.3,1.555161573670432,1.5299999999999998
1.6,1.2932494222239632,1.2149999999999996
0.2,1.1765130431824704,1.0860000000000005
1.9,2.4525216735608018,2.176
2.0,2.0264916715106107,2.031999999999999
1.2,1.2597098256995416,1.3949999999999991
1.8,1.7463062061248786,1.785000000000002
1.3,1.1485657254195512,1.1649999999999994
4.4,4.795333866160599,4.449999999999999
1.0,1.188915413404457,1.0299999999999996
1.8,1.7217754500461553,1.9000000000000015
6.7,5.599708835791358,5.9170000000000025
2.2,1.9357623732184626,2.0140000000000002
0.4,1.1706093752681932,1.1039999999999996
1.5,1.5333746196199385,1.4419999999999993
1.2,0.880965950621287,1.014
1.6,1.8662593816678132,1.6039999999999999
5.6,4.936939970302202,5.617999999999999
1.2,2.0623255497161876,2.4589999999999996
1.8,1.8759122231402507,1.7700000000000018
1.1,1.0525460996439833,0.8949999999999995
0.9,1.3136725352299463,0.9650000000000002
1.5,2.164448936064731,1.8300000000000003
0.7,0.8244385951947353,0.9089999999999998
1.3,1.6391808938885073,1.7519999999999996
4.9,3.9700681426489712,4.974999999999999
1.0,0.9157123678924706,0.792
1.8,1.801969015508831,1.7980000000000016
4.6,4.058209263300064,4.204000000000002
1.1,1.4827092024919084,1.1529999999999996
1.1,1.13561427228447,1.1429999999999987
1.5,1.0354911908611084,1.1459999999999997
4.7,4.73544120757718,4.790999999999998
0.4,0.488718966877866,0.5640000000000002
0.5,1.5023583936665044,1.0590000000000002
4.1,4.254057033732757,4.1439999999999975
1.8,0.6491116018205481,1.1799999999999986
1.8,2.437996718654674,1.8000000000000032
1.4,1.4158410023878016,1.3580000000000008
2.9,1.774759126340146,1.7409999999999999
1.8,1.9645724870765955,1.7500000000000013
1.3,1.179562270895056,1.2680000000000005
0.6,0.48781376464252335,0.4690000000000001
6.1,5.881895896421906,6.880000000000003
0.6,1.317385706823694,0.9039999999999999
1.5,1.2318107051560858,1.5050000000000006
5.5,4.150616319429897,5.416000000000001
1.2,1.209835888701226,1.246999999999999
0.3,1.2628477589870841,1.4569999999999999
2.2,2.183710987745584,2.109
1.8,2.002712039308538,1.8310000000000022
1.8,1.8549593421814,1.7750000000000017
0.8,0.7546609276003258,0.7449999999999996
1.8,1.4108635260672169,0.5429999999999995
4.0,2.482888818292224,2.222000000000003
1.4,1.5844016128717886,1.4909999999999999
0.6,1.0336992868533468,0.6679999999999999
2.5,2.3326724477585037,2.384000000000001
0.4,0.27040014162318604,0.8589999999999993
1.5,1.5845316298965386,1.8799999999999994
1.6,2.1470097099691294,1.7380000000000007
1.8,0.5300372143155472,0.9059999999999994
1.1,0.9202366421689974,1.2409999999999994
1.1,1.150295582023808,0.9679999999999994
1.8,1.7387423761032506,1.7370000000000017
2.3,2.0751775909640418,2.1900000000000004
1.8,1.5313556364071574,1.7580000000000016
2.0,2.2037671111359365,2.1019999999999985
2.0,2.199399108537924,2.1069999999999998
3.4,3.352508529575102,3.313
3.1,3.4648856046865975,3.383999999999998
1.4,1.5544149188998582,1.4839999999999995
1.8,1.6821394838258583,1.7530000000000014
2.5,2.0011666862495003,2.3310000000000004
2.7,2.714494462477715,2.692999999999999
3.2,2.961501454329899,2.9499999999999993
1.1,0.8487694060307762,1.0050000000000003
1.0,0.7531540539911556,0.8939999999999998
0.2,0.3545811037279698,0.6229999999999988
0.6,0.9406009848314787,0.821
1.8,1.504206203800666,1.710000000000001
1.2,1.3943365797509721,1.2039999999999993
7.3,7.53430430708152,6.509000000000001
1.5,1.877779478013754,1.7910000000000006
4.5,4.421133765734346,4.396000000000001
1.9,2.111724738383472,1.857000000000001
2.2,2.721831350953445,2.5339999999999994
2.7,2.530118974335756,2.7539999999999996
0.4,0.5863653211417716,0.7369999999999998
0.7,0.7389399362977436,1.0419999999999998
1.5,1.6507816351904494,1.4280000000000004
0.7,1.1451283943318982,0.875
1.8,1.5292209019211485,1.6219999999999992
1.6,1.8583952007425026,1.9299999999999995
1.5,1.28888184950422,1.237000000000001
2.8,3.058900504194547,3.0769999999999995
1.8,1.3351823411990338,1.6420000000000008
1.8,1.8756712330063168,1.8160000000000003
1.0,1.268107216050343,0.9660000000000001
2.3,2.1099346412566895,2.22
2.4,2.021750091700057,1.9469999999999987
1.8,2.61979746352721,1.8000000000000032
1.3,1.3549475172072831,1.1339999999999997
1.1,1.4227652384379108,1.3199999999999996
2.2,1.7734720438145377,2.0720000000000005
1.3,1.4918165896291806,1.159
1.8,1.582090708200554,1.7650000000000017
6.2,5.514878518401858,6.130000000000003
0.4,0.7981837247621644,0.9719999999999993
2.9,2.3067755940946846,2.4240000000000004
1.1,0.9299714660284946,1.2560000000000002
2.3,2.352339669606686,2.2569999999999992
1.1,1.2915602761730418,1.27
2.3,2.0134303272847323,2.0180000000000002
1.8,1.1813497018861594,1.8250000000000017
1.5,1.7779050064511122,1.766
0.7,0.9608718750718677,1.078
1.6,1.6389501016166494,1.5970000000000004
5.0,4.3222587197375635,4.152000000000001
0.7,1.3387997957589315,1.0099999999999998
2.3,2.092572384334289,2.262000000000002
2.4,2.3631550886021206,2.4210000000000007
4.6,4.412345809948255,4.244
3.8,4.250045263766843,3.9059999999999984
1.6,1.176465185058241,1.46
1.5,1.4045171080797307,1.4709999999999999
0.6,0.555158185855668,0.7119999999999997
2.7,2.3542591717878545,2.181000000000002
1.8,1.6284203193080762,1.6739999999999993
3.1,2.9902852754851055,3.005000000000001
1.4,1.3959526079774713,1.463
1.4,2.271954086438292,2.278
0.6,0.5116725212634083,0.46599999999999975
4.5,3.492871841906738,4.118000000000002
2.9,2.9728240159967836,2.760999999999998
2.9,2.9754145901072393,2.825
4.0,4.918065103112677,4.138999999999999
1.9,1.9631095066796849,1.933
6.6,4.494019865238192,5.657000000000002
1.8,2.629762393830845,2.937
8.3,7.219162364064376,7.151000000000005
3.7,3.3551526583214195,3.202
2.5,2.6409487194747943,2.6539999999999986
2.4,2.3522121075440867,2.2880000000000007
1.3,1.1588611982753925,1.2890000000000004
2.6,2.2759796363754172,2.505
0.5,0.6106268802325072,0.5970000000000003
1.0,1.4255806530988928,1.1569999999999996
1.0,1.0449856386156466,0.9100000000000005
3.4,4.0699830017508996,4.140999999999999
4.9,5.796401867418159,6.096999999999998
2.8,2.5928982624017425,3.084000000000001
4.9,4.249935022704035,4.4140000000000015
2.1,2.4854259236460785,2.0509999999999984
1.1,1.553624955262284,1.2780000000000011
1.6,2.289702818300744,2.3339999999999987
3.1,2.8006479628011665,2.7430000000000017
1.8,1.4387127340436194,1.2209999999999985
1.8,0.8222420947914861,1.272999999999999
1.8,1.4544915495083481,1.6330000000000005
1.8,1.7680289071520967,1.7580000000000016
3.3,3.3804992518501114,3.2579999999999996
1.8,1.7636772376030412,1.7520000000000011
3.8,2.9458105652407425,3.1020000000000003
0.5,0.36460017694876323,0.8129999999999995
1.6,1.6210563126299298,1.5290000000000006
3.1,3.0405126964734426,2.830000000000001
1.8,1.8539894497786678,1.768000000000001
6.5,5.796078038943782,6.418999999999998
0.4,1.4169393348726418,0.786
1.8,4.85988193163605,1.8660000000000028
0.5,0.6874597407958305,0.4959999999999999
4.8,3.95545796430592,5.251999999999999
1.6,1.487374482229571,1.5949999999999998
1.8,0.6987035965504562,1.105999999999999
2.7,2.8033103861631288,2.911
0.7,1.0250779864963473,0.9580000000000001
1.4,1.2094163305972934,1.0999999999999994
3.8,4.773990507659359,4.618999999999997
2.1,1.8423647465200383,1.957
1.8,3.8735606709108374,1.8000000000000032
1.4,1.3472533826801993,1.048999999999999
2.4,2.5805822854061313,2.8709999999999996
0.4,1.3070305674342022,0.6459999999999992
0.6,1.3428109985415928,1.046999999999999
1.7,1.4362031495182412,1.5769999999999995
2.6,2.1557116517505817,2.39
1.0,1.3749603138517346,1.2449999999999999
1.8,0.6617054734710734,0.7529999999999998
0.6,0.933046133133757,0.6679999999999999
2.1,2.0770785858765426,1.9870000000000008
0.6,0.7061665582719119,0.42699999999999994
2.1,2.7720226184249643,2.447999999999999
1.8,2.074414421665606,1.8820000000000023
3.4,2.7653316342156042,2.8670000000000018
3.9,3.1161842236348205,3.0380000000000025
1.5,1.7782284263567907,1.7539999999999998
0.9,1.3206715044177435,1.0840000000000003
1.3,1.3140785748301755,1.1049999999999995
1.8,4.604795248948963,1.888000000000003
1.4,1.4763175893392018,1.554
1.7,2.094748668716348,1.9579999999999993
1.4,1.3180175445609674,1.444
1.8,1.7382823181015492,1.7230000000000012
0.9,0.9703412252342674,0.8819999999999996
1.8,2.8427555200611456,1.8000000000000032
1.8,0.742046412342265,1.236999999999999
0.8,0.9458932632884909,1.3529999999999995
0.9,0.8408292540340159,0.9750000000000001
0.9,0.8662520085594583,0.9279999999999999
1.4,1.7045032483620925,1.5149999999999995
0.6,0.9186920213096192,1.1439999999999992
1.8,2.135999506644792,1.8970000000000018
1.0,1.06135636052468,0.9720000000000002
4.9,5.120851635804639,4.552000000000001
1.8,1.465782972350051,1.7300000000000018
1.3,1.6069585793266055,1.4010000000000007
1.6,1.5935375440493833,1.4750000000000005
1.8,2.181139055653874,1.8480000000000016
0.8,1.5540466063300553,1.0209999999999992
2.6,3.424810160852236,2.9609999999999985
1.3,1.5587126079401386,1.4339999999999988
3.8,3.8361056165067247,3.6289999999999996
0.9,0.9873594416850437,0.9350000000000007
4.2,1.8694506963903155,2.1229999999999998
1.6,1.4439548315523745,1.5240000000000002
0.3,0.9113059742237684,0.5170000000000003
0.7,0.4618862994424078,0.8229999999999998
2.4,2.558114040216412,2.1650000000000005
2.8,2.9414988842316228,3.052999999999999
2.9,2.74337794825956,2.665
0.5,0.6464719556453857,0.7420000000000002
2.1,2.0493339266817605,2.095999999999999
3.1,2.4131427575282043,2.511
0.7,0.5154753786167219,0.5630000000000005
1.3,1.2697934750690072,1.2170000000000007
1.7,1.5734151958515619,1.5759999999999998
0.7,0.7802675306398208,0.7070000000000004
1.4,1.2547075611820184,1.2760000000000005
0.7,0.933385679644795,0.818
3.5,3.354413347733595,3.3989999999999996
0.9,1.2332375881459658,0.9499999999999997
0.6,1.243124544977828,0.8999999999999992
1.0,1.2133855728557008,1.0459999999999996
1.3,1.5945734213783602,1.635000000000001
0.6,0.5732015098454644,0.6969999999999998
1.6,1.3482947642208498,1.5009999999999988
3.7,3.5126383709326543,3.3670000000000018
0.2,0.6440994262421513,0.4729999999999995
1.2,1.1618693197873684,1.0410000000000004
0.7,0.7299475919937319,0.6370000000000006
0.4,0.5048394360569408,0.5229999999999996
3.4,3.0327206090406063,3.360999999999999
2.9,2.5201504719933436,2.5860000000000003
2.0,1.8505668031547362,1.9629999999999996
2.5,2.2684168513595453,2.4380000000000006
0.6,0.9730783020590512,0.6170000000000002
1.8,1.5820307030879333,1.7660000000000016
0.5,1.0763743287262217,0.7900000000000001
3.8,3.551233761343706,3.630000000000003
1.0,1.1914147593968352,1.1830000000000003
1.8,1.8710196374752646,1.8070000000000013
1.8,1.7516928865221053,1.8260000000000016
5.0,5.169282930604112,4.651000000000001
1.8,1.931860585230031,2.0849999999999995
1.3,1.2581001709809385,1.3350000000000002
1.8,1.9575186812522922,1.9419999999999995
4.3,2.521080558641084,2.4489999999999994
2.5,2.610553299216337,2.9290000000000016
2.8,2.686990639262111,2.4490000000000007
2.0,2.7740067909567134,2.511999999999998
1.3,1.0097477695942358,1.2900000000000005
2.6,2.115603560885208,2.0090000000000003
0.3,0.4810732286865036,0.6639999999999999
0.9,0.8832170435268079,0.6450000000000001
1.2,1.2739531396979373,1.7600000000000007
1.7,1.500403005233431,1.521
1.9,2.105425822178443,2.0649999999999995
1.7,1.403795571817699,1.6010000000000004
1.6,1.7720963346414587,1.4920000000000004
0.7,1.768145531825184,1.4639999999999995
1.5,1.7367811825148682,1.6660000000000006
4.3,3.573798884937193,4.383000000000001
1.0,0.8476671817893331,1.1289999999999998
1.1,0.8483874423386228,0.9559999999999995
0.7,1.3557604762645585,0.6960000000000002
3.0,2.763584335941585,3.065999999999999
0.6,0.5762123495531044,0.7349999999999999
2.1,1.807064189957041,2.1450000000000014
0.2,0.6952548399942005,0.5939999999999998
2.3,2.436755418265509,2.480999999999999
1.8,1.9190601468290207,1.8300000000000016
1.8,1.639943342709245,1.7469999999999999
2.3,2.4303454647605527,2.3409999999999993
1.8,2.117659359807729,1.878000000000003
3.0,2.7137322895995735,3.1830000000000003
1.0,0.9631233873297438,0.8259999999999998
2.6,2.594564471140646,2.5530000000000013
0.5,0.7595382065557239,0.5039999999999998
2.9,2.2970962347434134,2.473
0.3,1.3759387148444797,0.9209999999999995
2.4,2.274315357086923,2.1790000000000003
1.6,1.2845458687149305,1.6799999999999997
2.8,2.8031903328411794,2.7280000000000006
0.9,1.3302248396703056,1.1079999999999999
1.2,1.4176038211790276,1.1540000000000001
0.9,0.6651198017956124,0.9429999999999994
1.3,1.2069279623164286,1.1320000000000001
1.7,1.8200099780452463,1.8810000000000002
1.8,1.4101185312246498,0.8039999999999994
1.8,2.2726711193851035,2.0000000000000027
3.0,2.651749377731471,2.8080000000000003
0.5,0.8524321678660247,0.8480000000000003
1.8,0.45807071088170104,0.7919999999999997
2.0,1.566774609526041,1.7630000000000003
1.8,2.1769274512112506,1.804000000000002
0.7,1.0383142402072312,1.0859999999999994
7.5,6.613650681728926,7.053999999999993
3.5,3.9481653190819386,3.615
2.0,2.326865793840764,2.1879999999999993
1.9,1.857508682415629,1.9360000000000006
3.6,3.068835124502554,3.4139999999999993
1.7,1.6263735960143226,1.7220000000000002
1.4,1.4402419714169876,1.3930000000000005
1.8,0.8072612321838346,1.503
1.8,1.8973855012672338,1.7340000000000015
1.8,1.4005513578084137,1.7220000000000013
0.6,0.6406616205420379,0.71
1.8,2.1921466103262603,1.800000000000003
3.1,3.32234555588985,2.8970000000000002
1.4,1.6701233601138281,1.3210000000000008
0.4,0.7560561886713721,0.7080000000000001
0.6,0.8865667087921791,0.5479999999999999
1.9,2.133165868915098,2.0229999999999992
2.1,1.4221117090360735,1.9289999999999992
0.8,0.6906505750680059,1.0899999999999999
1.8,2.1582167363095874,1.7460000000000013
1.8,3.0851487291618787,1.8000000000000032
1.3,1.6590904673661289,1.6829999999999998
3.1,3.285611739771335,3.1990000000000007
1.8,5.100298944754424,4.8999999999999995
0.5,0.552143537927464,0.6370000000000005
6.8,5.724697986225004,6.797
1.8,1.9917774886092199,1.8600000000000014
0.7,1.1206570099431366,0.9580000000000004
1.8,0.9020229800764101,1.2079999999999993
2.0,1.9988862179155327,2.0599999999999996
2.5,2.201294887534198,2.4250000000000007
0.7,0.7711951288923677,0.8079999999999992
1.7,1.3924374939195365,1.6359999999999986
3.0,3.584254379208156,3.1630000000000007
0.3,0.9988446074452288,0.5069999999999998
0.5,0.983659962173135,0.8509999999999996
1.4,1.6526474936610343,1.5479999999999992
1.5,1.4880705893923096,1.5629999999999997
1.8,1.484353319804519,1.7280000000000006
1.8,0.9438459757466036,0.672
1.9,1.7125294336312966,2.016999999999999
0.5,0.9563937317924842,0.8019999999999997
1.4,1.6936776849859634,1.3829999999999998
1.8,1.9538013207942402,1.7900000000000014
3.3,3.756863021437944,4.299000000000001
1.6,1.3939020251180247,1.6360000000000006
2.1,2.273262533576216,2.3439999999999994
0.7,0.6084837585295533,0.6660000000000005
1.9,1.5939895334187657,1.8110000000000002
1.8,1.7524548439530614,1.7810000000000015
3.2,3.5004776348433295,3.240000000000001
2.8,3.063167882981481,3.269000000000003
1.6,1.5337628276782977,1.5940000000000003
2.1,3.420754858331705,3.1370000000000027
1.8,1.905277590017241,1.804000000000002
1.1,1.0778455537916725,1.062
2.0,1.4980278890271552,1.5760000000000003
2.2,2.116679335756428,1.9099999999999993
0.8,1.0195794067953365,0.9650000000000005
3.5,3.2123823353262617,3.326000000000001
1.8,1.3652769117995383,1.6720000000000013
3.9,3.6141024459712865,3.747
0.9,0.8348335714116377,0.9130000000000003
2.9,2.541274563847333,2.6540000000000017
1.8,1.8050868766747374,1.7930000000000001
1.5,2.044649696278248,1.5890000000000015
1.3,1.8616689095423078,1.6000000000000003
5.0,5.30812011097632,4.828999999999999
0.9,1.3594145014995527,0.8749999999999993
1.8,1.5314250956952002,1.7390000000000017
1.8,0.4968151076773317,0.8659999999999992
1.0,0.9342785308539159,0.9230000000000002
2.2,2.3560432928125987,2.0050000000000003
3.9,3.5818055532873387,3.7560000000000024
3.4,3.3714617852767974,3.267999999999999
1.1,1.1769103417673845,1.1159999999999994
2.7,2.8807791972928842,3.096000000000001
1.5,1.389211980595466,1.5120000000000002
0.9,1.1927025291874198,1.2759999999999998
1.0,1.244981705474772,1.0699999999999996
4.5,4.817527322477085,4.757999999999999
1.1,1.2610951056745703,1.0189999999999995
0.6,1.028962789919724,0.7300000000000003
3.5,3.418540742004908,3.3509999999999995
4.0,3.9156958864164,3.799
6.2,5.379040934442974,5.691999999999997
1.8,1.5308733283032132,1.8030000000000017
1.1,0.7618113716021886,0.9579999999999997
3.0,3.105049691502369,2.964000000000001
1.5,1.7536613898830238,1.595000000000001
3.7,2.982897852211761,3.4340000000000015
1.7,1.2978428217759808,1.3829999999999998
1.3,1.095081192735046,1.8410000000000004
1.8,2.128773339272732,1.949000000000003
1.8,1.8803942779182505,1.956000000000001
1.7,1.6725756989341467,1.817000000000001
0.6,1.1203053624013366,1.093
4.6,2.4980211983390674,2.5130000000000043
1.4,1.2311467993614467,1.3039999999999998
1.7,1.8936520123953002,1.6019999999999994
3.6,3.2507622722587692,3.458
1.1,1.170000199944155,0.8670000000000002
1.0,0.9997916592771159,1.002
1.8,1.3608476470967372,1.7400000000000013
1.8,3.137632438737401,1.8000000000000032
0.4,1.000367117939063,0.6680000000000003
1.7,1.8971718595245097,1.7940000000000014
1.8,2.0807453140353873,2.0869999999999997
5.6,4.778223031312176,6.187999999999999
1.6,1.7934656672410454,1.802000000000001
0.5,0.8579763327246346,0.6389999999999997
0.7,0.9476480851493496,0.9580000000000004
1.5,1.404639378622934,1.5069999999999992
2.4,2.5956009234904927,2.573000000000001
3.1,3.3909690753193154,3.5070000000000006
2.0,1.8922036891007743,1.905000000000002
1.8,3.3951974829108074,3.454
1.3,1.4180305960488222,1.305
0.8,0.8488048377174595,1.0279999999999991
0.6,1.0652233617386064,1.231999999999999
1.8,1.8723725816086192,1.8760000000000014
1.8,2.1260494743389353,1.8240000000000018
2.3,2.2403224280268854,2.317000000000001
1.8,1.6439794244788537,1.7140000000000013
3.7,3.267176587645252,3.222000000000001
1.7,1.9924221173814496,2.059999999999998
2.3,2.375831265558438,2.3389999999999995
0.7,1.2129457108193973,0.9489999999999996
1.8,0.6207291980660148,1.1789999999999987
3.0,2.3431364488965998,2.7100000000000004
2.7,2.301106926765262,2.343000000000001
1.3,1.6862427570380947,1.4530000000000007
1.8,1.8307696531247561,1.6360000000000006
0.8,1.091390900642953,0.8969999999999995
1.8,2.239418573525603,1.8000000000000032
2.9,2.4992947000181274,2.512
1.8,2.0472563897455758,2.013000000000003
2.5,2.3257121007721446,2.529
2.3,2.624964879888634,2.654000000000001
1.9,1.959434049088283,1.9609999999999987
2.6,2.2491392769497027,2.3689999999999993
1.7,1.6647225954468758,1.7110000000000003
1.8,1.5715185909366371,1.7670000000000008
1.5,1.6337927014366442,1.4029999999999998
0.3,1.875082961013071,1.3129999999999997
1.8,1.6196797506138658,1.7680000000000007
1.8,1.5796338592876529,1.7590000000000015
1.8,2.439190765980027,2.2400000000000024
2.1,2.4446285293397514,2.2910000000000004
1.9,1.953828976564827,1.7350000000000005
5.8,5.936820928925027,5.304000000000001
1.6,1.4579787551657422,1.4439999999999993
2.1,2.3295470740939397,2.368000000000002
0.8,1.017642564866179,0.6750000000000002
2.0,2.21465837231966,1.9349999999999985
3.6,3.280543466718228,3.936000000000001
1.8,1.7190594905460346,1.8190000000000017
1.3,1.5852780618449933,1.8019999999999987
3.2,3.2808500910635074,3.2939999999999987
5.0,4.133771349964526,5.267
1.8,1.8141310433645779,1.7100000000000009
1.3,1.8290375069938551,1.5600000000000003
1.8,1.3918877357139503,1.7780000000000018
1.8,1.6576427298533525,1.785000000000002
0.8,1.1608318744483355,0.9259999999999995
4.8,3.766229613083272,4.143999999999998
1.1,0.8079379287185444,0.9720000000000002
0.6,1.0987648523535052,0.8000000000000002
0.9,1.221009508399999,1.0640000000000003
3.9,4.245048417085782,3.9410000000000003
3.2,2.512305750635755,2.691
4.3,3.568794067867088,3.7490000000000037
3.6,2.032063697236339,3.1799999999999984
3.3,3.4509448283803286,3.3859999999999975
1.0,0.8615545607272337,0.9569999999999997
4.8,3.7492154727387783,4.250999999999998
0.8,1.792740404125639,2.1120000000000005
1.1,1.1348488401866876,1.0669999999999993
1.8,3.4063194043715206,1.8310000000000028
0.7,1.1699638720825982,0.7400000000000003
1.2,1.437259812923935,1.5489999999999997
2.0,2.1899688335831433,2.119999999999999
3.2,2.924806126205335,3.5389999999999997
0.3,0.7630809556334646,0.3689999999999997
0.4,0.6780262399652923,0.7479999999999996
0.8,1.3914504637134772,1.1
2.6,2.5662857550811373,2.782
0.8,0.9093465103204923,0.9519999999999998
0.6,0.38528199387311757,0.832999999999999
2.8,2.812900626170688,2.885
1.0,0.9076782913757879,1.1090000000000004
3.0,2.6395693973844283,2.8039999999999994
5.4,3.324539903997417,4.779000000000002
2.8,2.6978509962644264,2.7950000000000013
2.0,2.2818759879853854,2.174000000000001
0.9,1.1710630736177348,0.9949999999999996
2.6,2.225538097242331,2.202
1.6,1.9626558806896304,1.9319999999999993
1.8,1.7645856831764601,1.7940000000000014
0.6,1.3866550061810385,1.023
4.3,3.2834162449376847,3.7600000000000016
1.8,1.9959140130351019,1.8200000000000016
5.2,4.387041128445148,4.875999999999998
2.5,2.249094711193481,2.433999999999998
1.6,1.6829402095160002,1.7150000000000003
2.5,3.4474924986386295,3.3230000000000017
1.8,2.212245221592542,2.6430000000000042
1.3,1.5469299498967246,1.5209999999999997
1.8,0.7681520187574566,1.4789999999999994
3.1,2.7617115918899433,2.802000000000001
0.9,2.127816413215433,1.5340000000000003
1.5,1.5781650074513738,1.635999999999999
2.1,2.126359702420944,2.0349999999999997
0.5,0.7380554237780224,1.1839999999999988
2.3,2.160849322006239,2.218
4.6,5.480578971385895,5.243999999999997
2.2,2.1527615953642636,2.089
1.8,1.0753961308080944,1.3529999999999993
1.8,1.3483141074655034,1.6350000000000007
1.2,1.3523023280679898,1.31
1.8,1.8821726924344593,1.8130000000000022
5.4,4.904345228271062,5.332999999999999
1.8,1.8171350086490357,1.775999999999998
1.1,1.0570412398124363,1.1349999999999998
5.6,6.108759314874698,5.453999999999999
2.5,2.640248806709877,2.4600000000000004
1.8,1.1678876731520222,1.465
1.4,1.42753838145985,1.1959999999999993
4.0,3.1932323239628815,3.787
3.3,3.377694745964915,3.367
2.7,2.213303661614755,2.525
0.6,0.9710537094296359,0.8200000000000002
0.8,0.6769874593323986,0.7929999999999996
1.2,1.1038600192233112,1.058999999999999
1.2,0.9081040516363581,1.359
1.8,1.539238403045771,1.6100000000000005
1.0,1.4434017505441818,1.229
1.1,1.274251620014981,0.9999999999999994
1.8,2.31541375010991,1.8000000000000032
3.2,2.8661187611060237,3.147999999999999
2.2,1.487291848051648,1.5769999999999993
5.2,4.490391409788893,5.5360000000000005
2.8,2.7928170538489985,2.7230000000000008
1.2,1.9304724224673233,1.898000000000001
1.2,1.3026249852768528,1.0450000000000004
0.5,1.846226356106889,1.3379999999999999
1.6,1.5916121739754674,1.7179999999999995
2.1,1.9611304543563612,2.1710000000000007
1.5,1.669631728298297,1.6919999999999988
3.1,3.6363936041214853,3.3499999999999988
3.0,3.065059438099809,2.988999999999999
5.3,5.048687432651045,5.156999999999998
1.0,0.8090645493577915,0.9529999999999997
0.6,0.8917773152426118,0.6180000000000005
2.0,2.062238720630541,1.988999999999998
2.1,2.1823712702986646,2.123000000000002
1.2,1.063435211084672,1.1489999999999996
8.1,6.2230624092146325,5.420000000000003
1.0,0.8998548932821235,1.068
4.0,4.104275344135031,3.9359999999999986
1.3,1.209457851134844,1.0829999999999997
0.4,0.6796117550096274,0.4719999999999998
2.2,2.378966344501302,2.143999999999998
1.1,1.2443195503276883,1.2720000000000002
3.4,2.774788673814381,2.8860000000000015
2.7,2.30806403625843,2.2300000000000013
3.9,3.136285343712181,3.337000000000003
0.8,0.9426400700816706,0.7780000000000002
0.8,0.7551100520070411,1.1109999999999993
0.5,0.4155892793430238,1.039999999999999
3.8,3.41017301307916,3.602999999999999
0.7,1.0393569059773946,0.8110000000000004
2.8,1.9092771296846796,1.449000000000001
1.8,2.1062685967767893,2.084999999999999
2.7,2.714160842497509,2.8150000000000017
2.2,2.1390031287996214,1.9480000000000002
0.5,0.6155040474355289,1.0689999999999995
1.8,0.4772790731591072,1.3949999999999994
2.3,1.8738964841257435,2.188000000000003
1.2,1.4826319969606292,1.4229999999999992
1.8,0.3447062953406863,0.9529999999999988
1.0,1.2132231811829126,0.8869999999999999
1.8,2.585836018519486,1.9670000000000039
3.2,2.9934335735926716,3.2660000000000036
1.9,2.090365575211149,2.046000000000001
0.9,1.0896717055911638,1.0500000000000003
3.4,3.182668900101154,3.5750000000000024
1.9,1.9087832820715847,1.9850000000000008
5.0,4.679451753475434,5.5489999999999995
10.2,6.886436349501107,7.942999999999996
6.8,5.537882689047706,6.143000000000001
2.2,2.296757837879751,2.5629999999999997
0.5,1.4614597653831312,1.0609999999999993
1.9,1.609451525957989,1.600999999999999
2.0,1.7451020127922074,1.9569999999999996
1.8,2.0111839187571694,1.8390000000000015
1.4,1.3683382620116313,1.6750000000000005
1.8,1.76311788953534,1.7150000000000016
1.1,1.3593467316784262,1.177
1.2,1.1577762653903885,1.2819999999999998
1.8,1.7883525259771909,1.6900000000000015
1.2,1.4162202105611534,1.4000000000000008
0.3,1.0202101157003385,0.4239999999999993
6.4,7.645659251588354,7.149
2.6,2.158495388915677,2.1830000000000003
2.5,2.3735476506449187,2.2259999999999995
1.1,0.842348494801326,0.8760000000000002
4.9,4.4632519175391225,5.043999999999998
3.7,2.19342383323167,2.0900000000000016
2.2,2.2587567433032882,2.1370000000000005
1.0,3.3872990564360004,2.334000000000001
2.5,2.5640236318249405,2.4060000000000015
1.4,1.7192304480526137,1.5499999999999998
1.8,1.7178775751293773,1.885000000000002
2.4,2.2891441741984955,2.262
0.9,0.7596881729877853,0.9059999999999995
1.8,1.672988382210749,1.619
2.1,4.088683302401316,3.5399999999999996
1.3,1.3543149420968605,1.4210000000000003
2.0,2.2336059153117596,1.9229999999999998
1.1,1.2003854672273526,1.059
1.8,2.748605932111049,2.1130000000000027
0.6,1.149887763425685,0.8189999999999996
0.5,0.48312677331625853,0.582
3.8,2.727019364697562,2.6590000000000007
1.2,1.1818959078702755,1.4560000000000004
0.8,1.1736683620576502,0.8450000000000002
3.3,3.613500772968262,3.491000000000001
2.2,2.0261383028588145,2.0889999999999986
1.8,1.4204685410798956,1.7760000000000016
1.8,0.8326650622755463,1.5800000000000005
1.7,1.7078681977325494,1.8039999999999994
3.3,2.7596167889435974,2.9990000000000006
1.8,1.606459476390287,1.891
1.4,2.5425409439625737,2.229000000000001
5.3,5.074720747756583,4.950000000000001
1.7,1.9852002537229676,1.544
3.2,3.044230056920528,3.187000000000001
2.2,2.3512357006699105,2.336000000000002
1.8,2.221766467668287,1.8080000000000016
1.7,1.3058824590505562,1.5379999999999996
2.6,2.791253783010911,2.7659999999999987
1.8,1.8320861354556348,1.8660000000000023
5.8,4.962916111829451,5.637000000000001
1.6,1.4602276532434955,1.5899999999999992
1.1,0.891327256358242,1.1230000000000002
1.5,1.9832259943292951,1.7619999999999998
2.1,2.577306302174981,2.3430000000000004
1.8,1.7809500017949818,1.8480000000000023
1.8,1.951343692110964,1.7340000000000009
1.8,1.6940619150701972,1.7929999999999993
3.1,4.456594338606862,3.7120000000000006
3.4,3.18065564755105,3.6279999999999997
3.3,3.0052058228172016,2.8990000000000014
1.3,1.3460362663269896,1.4129999999999996
1.8,1.1103335077677126,1.554999999999999
1.1,1.40145410710194,1.2179999999999997
1.3,1.5615271400273043,1.3040000000000003
1.5,1.4484319377117003,1.523
0.5,0.49663740280710433,0.762
1.8,0.6861568704287417,1.3859999999999995
0.9,1.034410681575763,1.0579999999999992
3.0,2.0807889617053186,3.7190000000000047
4.3,4.086953189747852,4.470999999999998
1.2,1.2280565096357208,1.1689999999999998
0.5,1.4583410144709001,0.5109999999999999
1.5,1.6731895242717891,1.5930000000000004
2.0,2.1530627481660725,2.0280000000000014
1.8,1.6296794082780734,1.7840000000000018
0.6,0.5336534037168317,0.4959999999999999
1.0,1.3657226772589723,0.8870000000000001
3.5,3.9177459235849446,3.5079999999999982
5.4,3.650891358241603,4.708999999999999
0.7,0.6133798251938294,0.61
0.7,0.6242067058134899,0.7719999999999999
0.9,0.5479995134784903,0.9129999999999996
0.5,1.1931376530945272,1.2579999999999991
1.8,1.4121909366263536,1.670000000000001
6.0,5.0619382720983435,5.903
2.8,2.7777873934859985,2.8
1.7,1.49174011913678,1.6699999999999986
4.0,4.215064757963919,4.124999999999999
1.8,2.8771092118798185,1.974000000000003
3.8,3.1385740084576543,3.645999999999999
1.0,2.4257238775135797,2.049000000000001
1.8,2.135164628161642,1.8980000000000026
1.8,1.484714853557699,1.7980000000000018
5.6,5.87208198903321,5.508000000000001
5.7,5.314841807789617,5.468999999999999
1.8,2.164311794140346,2.1480000000000015
1.2,1.47270996971924,1.5460000000000007
2.9,2.5627151926251335,2.6149999999999984
1.8,1.257169621554349,0.608
1.8,1.6701079049517074,1.569
2.9,2.5490448027995587,2.7479999999999993
3.9,4.0678259662900755,3.8530000000000006
2.2,2.3797072385715796,2.8399999999999994
1.0,0.7229599252428458,1.0449999999999995
1.2,1.477162938527806,1.1359999999999997
1.8,2.9424033613053306,1.9550000000000027
1.8,1.226082606701766,1.7370000000000017
0.4,1.3431791212346558,0.4959999999999995
1.8,1.7396170071164132,1.6580000000000013
1.5,1.5519047039705032,1.4710000000000003
0.8,1.1840075736978917,1.1720000000000004
1.8,2.167730322908422,1.8790000000000027
0.9,1.2250179462037982,0.9519999999999998
0.4,2.041457751031341,1.6829999999999996
1.0,0.9061364106269638,1.0699999999999998
1.4,1.9156965433080861,1.6630000000000007
1.5,1.6575235937085493,1.6529999999999994
0.6,0.8187163346573163,0.6500000000000001
4.0,4.088431697366504,3.618999999999998
1.5,1.5323431503135296,1.2089999999999996
0.8,1.2990832359792492,0.9709999999999995
2.7,2.802639599131648,2.5789999999999997
1.2,1.141427441406294,1.2510000000000001
2.5,2.427982995383278,2.3390000000000004
0.4,0.4434981985845292,1.0319999999999994
1.6,1.7527427993071556,1.8300000000000003
1.8,1.4566854463582977,1.788000000000002
1.8,2.4911491575148137,1.9410000000000025
6.6,6.039948961220828,7.649000000000006
0.8,1.6061420622442406,1.0549999999999993
1.2,0.8458142271409592,1.0709999999999997
4.4,3.9143341576252912,4.301
2.1,1.9092712741406845,1.9239999999999997
4.5,3.283111243791853,4.1380000000000035
6.9,5.242022813361443,5.983999999999997
1.6,1.3938833163032003,1.5040000000000004
1.8,0.7538149999887911,0.9229999999999998
2.8,2.454164880350073,2.5920000000000005
1.8,1.3191513468869431,1.7810000000000017
2.0,1.6864870498051459,1.8070000000000002
1.8,1.4907037229794824,1.8000000000000016
0.4,1.1475206365613047,0.876999999999999
1.5,1.7438593585887556,1.6160000000000014
1.8,1.5858645955148265,1.760000000000001
1.8,1.1185693846065197,1.33
2.1,2.0295031228839373,2.0270000000000006
3.4,3.3455260523427954,3.1730000000000014
2.2,1.3327269193649331,1.5799999999999996
4.9,3.902516257167327,4.609000000000001
1.1,1.7691344275800982,1.5019999999999998
1.8,1.58370819026154,1.7890000000000021
1.7,1.5621835155160713,1.794
1.8,2.0695497712161117,2.1069999999999993
1.8,2.968422600642591,1.8080000000000032
0.8,0.7666413950559601,0.8819999999999995
1.6,1.5211890841865163,1.4510000000000003
2.2,2.1073556779570795,2.0720000000000005
1.8,2.6074069563403857,2.191000000000001
3.1,2.9449967103317536,2.977000000000001
3.7,3.102392286180647,3.472999999999999
6.4,5.447130864778028,6.187999999999997
1.8,1.5886208300183116,1.7180000000000013
5.8,4.62538207957094,4.959999999999995
2.0,2.230157604293583,2.123000000000001
0.4,1.6124253218451845,1.003
1.8,2.4595444014128134,1.8000000000000032
0.5,0.925886159638359,0.6370000000000008
1.8,0.9280271732229568,0.7690000000000003
1.8,1.758138718578302,1.832000000000002
1.8,2.833115666696086,2.0600000000000036
2.1,1.8858447315268738,1.9109999999999996
1.8,2.258939506849571,1.819000000000002
3.8,4.060079326745197,3.8680000000000008
1.7,1.5608184923222352,1.611
1.8,1.7447447569723182,1.8000000000000014
1.8,1.296208567441865,0.6979999999999997
2.3,2.329695022236944,2.0020000000000002
1.6,1.6773171646171228,1.8659999999999994
2.1,1.8601508569862992,1.8590000000000007
1.8,1.962606589349802,1.8410000000000017
3.4,2.637570967097253,2.9830000000000005
1.1,1.316055263989135,1.0820000000000005
1.6,1.4816240916060495,1.5879999999999996
2.0,2.0583769016581988,2.177000000000001
0.7,0.7672564874599315,0.7690000000000003
2.2,2.3146500940126087,2.045999999999999
4.0,3.360305344224136,3.6209999999999996
1.8,1.560734055550689,1.771000000000002
5.2,5.527618727743791,5.148
1.9,1.7407675863702627,1.7310000000000008
1.3,1.5068913979430993,1.413000000000001
4.4,3.8918588664664866,4.478999999999999
0.4,0.5530320988485755,0.42999999999999977
1.8,1.1967073316402619,1.644000000000001
6.1,4.129668117457054,4.145
1.2,1.5392254558177205,1.246
1.5,1.6388645794117873,1.5529999999999993
1.8,1.7509051287506685,1.8440000000000014
0.2,0.7956871581467633,0.7260000000000002
1.2,1.2704177804853471,1.4280000000000006
1.8,2.65385992489014,2.3100000000000036
2.7,2.6142745505755682,2.833
3.1,2.640020170230842,2.9120000000000026
2.8,2.661862372801046,2.787
1.8,1.5843287671672908,1.7350000000000017
0.5,1.1932340363517981,0.9319999999999993
1.8,1.4938610328363608,1.8180000000000018
0.6,0.9156626759591024,0.824
1.5,1.4082835256611768,1.3270000000000004
1.8,1.3245243637659079,1.7890000000000017
1.8,2.410364798018778,1.8000000000000032
3.2,3.0871492421450624,3.108999999999999
0.7,0.557929513480478,1.2509999999999988
1.9,1.8059369165773638,1.7380000000000004
3.3,3.3404216276185954,3.2060000000000017
3.7,2.740068452840706,2.9800000000000013
2.1,2.048765646806398,2.0870000000000006
3.2,2.6434103904309705,2.6639999999999997
4.5,3.6820953015585047,4.631000000000001
1.8,1.9790064194806871,1.8160000000000023
1.8,2.189089143014425,2.2670000000000035
1.9,1.937971823656563,1.967
0.5,1.284697244939528,1.2510000000000003
1.8,1.1734182292448598,0.7820000000000004
1.3,1.2383498976406258,1.2839999999999998
1.6,4.078587515123586,4.611
2.4,2.084648546026593,2.354
1.8,1.8009698441981161,1.7480000000000018
1.8,1.40886615740596,1.6810000000000005
1.2,1.1802667389467836,1.0579999999999998
2.4,2.563694157587331,2.700000000000001
9.3,6.347224328910039,8.032000000000005
3.7,3.03073291142407,3.549000000000001
1.8,1.9270426823475941,1.7520000000000016
5.8,5.25335062611912,5.545999999999999
1.1,1.637092766216802,1.214
3.1,2.9268270054650003,3.1139999999999985
1.8,1.6243269544885224,1.8050000000000017
0.9,0.6212182336384726,0.8000000000000003
1.5,1.4196022633802363,1.4670000000000005
1.8,3.764481836676138,1.8000000000000032
0.4,0.49791602262995993,0.8569999999999997
2.6,2.2807288514255974,2.475999999999998
3.4,3.0872428113609214,2.911000000000001
3.3,3.120387527498611,3.2740000000000005
1.4,1.3897545762643753,1.4430000000000012
2.1,2.308929778979386,2.080999999999999
1.9,1.8482894294207848,1.9349999999999996
3.0,3.43782545962768,3.2510000000000003
2.0,1.566441768347138,1.8420000000000005
0.1,1.3277276239074292,1.2480000000000002
3.5,2.9146452029640586,3.151
1.8,2.511573196203562,2.1170000000000018
3.5,3.7944309535674545,3.950000000000001
2.1,2.057638318178656,2.2210000000000014
2.6,2.2916845935516252,2.3480000000000003
3.0,1.7458847391394121,2.017999999999999
1.8,0.7305201405866755,1.1479999999999995
1.7,1.9721472265455378,1.7589999999999995
4.5,3.7052425958985733,4.493000000000002
1.3,1.732331546204834,1.477
2.7,2.4875237464384674,2.3689999999999998
4.0,3.7599360358533622,3.664000000000003
0.3,1.2543208548158118,1.1399999999999997
0.6,0.8982079903777609,0.6220000000000008
0.5,0.4390897195490402,0.9469999999999996
0.9,1.6537099260344514,1.4359999999999982
1.4,0.9682452085275948,1.1159999999999999
1.1,1.2023614714672157,1.2579999999999993
0.8,0.7199918873081612,0.8970000000000004
4.4,3.530743495326701,4.14
1.1,1.2176476127574944,1.2510000000000003
2.5,2.6692882999799057,2.696000000000002
1.8,1.668589488759507,1.7790000000000006
2.3,2.365658463191488,2.179000000000001
0.9,0.8768548660612605,1.144999999999999
0.8,1.0992102900220717,0.959
1.8,0.7429392163275603,1.1409999999999991
0.5,0.5033170784606504,0.698
1.3,1.2826883106923899,1.303
1.3,3.411870512418732,3.1260000000000003
3.3,3.6066195406887953,3.591999999999999
1.2,1.3558615896149075,1.1839999999999997
1.8,1.516756329035175,0.9139999999999995
2.4,2.332701375957333,2.3869999999999982
1.8,0.6297654117705267,0.8159999999999993
1.2,1.4171719843710686,1.526
3.3,2.814717836135053,3.1319999999999997
2.7,2.56983643375214,2.7480000000000007
1.8,2.008802094828622,1.8300000000000016
5.4,5.2170884288988555,4.227999999999998
0.5,0.6789593170318378,0.524
1.9,1.9810788556736147,1.995
0.4,0.664785663254654,0.48899999999999955
1.8,1.5574281086446278,1.6000000000000003
3.2,3.1271554427280597,3.450000000000003
0.6,0.7331660630874453,0.9169999999999994
1.8,1.0624207071385823,1.1179999999999992
0.9,1.2271547400821805,1.0060000000000002
3.7,2.2526901008113698,3.138
1.2,1.8568270283402812,1.6910000000000005
1.8,1.2318512478092876,1.6470000000000011
2.5,2.8496091831250325,2.807999999999999
1.8,1.4682252962386877,1.745
3.2,2.7099226645370527,3.077000000000001
1.0,1.0686247182577278,1.0470000000000002
0.9,0.7619679745678054,0.9420000000000003
1.7,1.6140814308435045,1.6710000000000005
1.6,1.6460256624386769,1.5390000000000006
1.5,1.4460432886192751,1.2810000000000008
0.7,1.1033199153206397,0.9349999999999998
0.4,0.81922566804261,0.46099999999999997
2.7,2.9251717515564932,2.72
3.1,2.9699855074625012,3.216000000000002
1.8,1.9635423557193463,1.8220000000000016
1.1,1.3793308577567651,1.1549999999999998
0.9,1.6475922528021807,1.17
0.7,0.7147121189323216,0.812
4.1,4.951100652051137,4.267000000000001
0.7,1.0814541938732172,1.2029999999999994
4.9,4.690618246442121,5.02
1.8,1.573275637540694,1.7680000000000016
1.0,1.086915403307425,0.9130000000000001
2.4,2.2384360521829767,2.162
3.0,2.479173176368463,2.5090000000000003
0.5,1.4403440560990797,0.9839999999999989
2.8,2.421281835270382,2.6240000000000006
1.4,1.133944974492015,1.1079999999999994
3.2,3.3570504804535326,3.3339999999999996
4.3,3.2505013430089735,3.6429999999999993
1.8,1.208504302708617,1.5410000000000001
4.1,3.7145498386313647,4.135
1.8,1.4721553413101076,1.7940000000000014
1.0,1.035014338400692,0.8130000000000003
1.8,0.4299384426181161,0.8529999999999994
0.8,0.9702508735389674,0.8039999999999995
0.7,1.4649214963531558,1.2449999999999983
1.5,1.7911250077143994,1.5360000000000011
1.6,2.142419529417115,2.202000000000001
1.8,2.184680030122192,2.304000000000001
1.2,1.842151403453504,1.7300000000000009
1.8,3.049095208439716,3.282
1.4,1.987970176803966,1.6490000000000002
1.9,1.6352213126222441,1.8819999999999988
0.8,1.557197468257772,1.4579999999999997
4.0,3.354046996590844,3.307999999999999
4.1,3.1572291457150827,3.5260000000000016
1.6,1.5583687683791283,1.3440000000000005
1.8,1.7578469523849987,1.7519999999999993
1.8,1.6610198389712016,1.8530000000000002
0.1,1.865702455664511,1.7379999999999998
2.9,2.5048818933287813,2.7069999999999994
3.8,2.3005578025161997,2.402
1.5,1.4769702273165888,1.6130000000000004
1.3,1.246161820654007,1.5550000000000004
1.7,2.0930902777933467,1.7629999999999995
2.9,1.8662261500292765,2.470999999999998
0.1,0.7221312573730678,0.5810000000000001
1.1,1.4074843559398489,1.3149999999999995
3.2,2.985772780189323,3.1509999999999967
0.8,1.054746710951148,1.0569999999999993
0.7,0.7820064892267544,0.6540000000000002
1.0,1.0655030044785234,1.1439999999999992
0.7,0.9175805564292023,0.7250000000000004
1.4,1.6052718708148415,1.428000000000001
2.2,2.149581762186359,2.2509999999999994
0.3,1.52264433012202,0.8199999999999996
2.6,2.3116964046837296,2.393000000000002
1.3,1.331831128693382,1.4529999999999996
4.8,4.188766174914718,4.4490000000000025
3.0,2.6009258784750697,2.8009999999999997
0.7,0.5640537044599832,0.6119999999999998
0.7,1.1215729362013938,0.8770000000000002
1.9,2.2223805591757633,2.1259999999999994
3.0,3.3998283865124552,3.269000000000002
1.8,2.7825631679208214,3.2230000000000025
2.7,2.961018106983942,2.8439999999999994
3.3,2.6312997477558246,2.934
5.1,4.959681549598301,5.740000000000004
3.6,3.387414183657797,3.837000000000001
1.8,0.8903025705700509,1.4039999999999992
2.8,2.816928212606735,3.2769999999999997
4.7,5.078570175602808,4.864
0.9,0.7184941284756541,0.9129999999999998
1.8,3.54674684262563,2.7400000000000038
1.8,2.119487403858087,1.9630000000000023
3.0,2.813612851135195,2.324000000000001
1.8,1.9844795145491112,1.959000000000003
0.2,1.3209146963604619,1.364999999999999
2.5,2.252396823955628,2.335000000000001
1.8,1.8473870471152953,1.8039999999999998
1.2,0.7805135624593191,0.9480000000000001
2.3,2.0248323838493443,2.3350000000000004
2.5,2.5411430423887404,2.302
5.6,5.087149030134625,5.663
4.3,3.5303526362306807,4.178000000000001
1.8,1.2424666170852903,1.7420000000000007
1.4,1.3414605849821761,0.9980000000000006
1.8,2.0132458611249686,1.8970000000000018
1.1,1.1417184062084202,0.9460000000000002
0.7,0.5481061572374823,0.9589999999999991
1.8,1.226853856317942,1.156999999999999
1.8,1.9397603446282954,2.1350000000000033
1.8,1.4813707334980846,1.7570000000000017
2.0,2.6185261768232966,2.3779999999999997
2.8,3.5872546675340544,3.5020000000000016
1.3,1.483564300128414,1.4080000000000013
2.0,1.9789542978519228,2.01
3.9,3.251735808323681,3.636
3.0,2.8746557649641757,3.1760000000000006
2.0,2.102651090069168,1.9030000000000005
1.4,1.3591159393677308,1.5780000000000003
4.1,3.432879513379773,3.5650000000000013
0.9,1.0889403676030842,1.087
1.8,1.2427306387468775,1.4489999999999992
2.5,2.0990551545000264,1.8319999999999985
1.3,1.624228229176219,1.5409999999999995
2.2,1.9265772813464126,1.8860000000000015
1.6,1.7640765623441506,1.592999999999999
1.9,2.102851417698245,1.7890000000000015
0.3,0.7517349016270545,0.4079999999999998
2.5,2.675312972897444,2.513
4.0,3.438040295775396,3.424000000000001
2.0,1.7455143911824305,1.842
0.7,0.6817408591726832,0.9500000000000002
0.5,0.5737984480294593,0.46099999999999974
0.6,1.031908462654578,0.6579999999999998
4.7,3.877002940177361,4.307999999999999
1.8,1.2796769380108155,1.5750000000000006
1.5,1.3298052685037915,1.4680000000000004
1.1,1.2370523650238123,1.056
3.9,3.1536795691632644,3.4490000000000016
1.4,1.122170642138731,1.216999999999999
0.3,1.435277183011594,1.0609999999999997
1.7,1.277665654952781,1.5320000000000016
2.5,2.1891245844392593,2.208999999999999
1.3,1.3339816180663038,1.148
0.6,0.9617618439651352,0.592
0.8,0.7575971765115814,0.7380000000000001
2.3,2.3139212331219037,2.427000000000002
1.8,1.720681959929244,1.8420000000000019
1.1,1.3828831523201295,1.2470000000000008
1.8,1.3731285626993572,1.6520000000000001
1.2,1.4353160106674223,1.1589999999999998
1.1,1.0816864953104768,1.0979999999999999
0.5,0.8421939889010697,0.5219999999999999
2.3,2.0955106300489352,1.834
6.0,5.654064508774031,5.443999999999999
1.8,0.6878597207186898,1.081
2.1,2.0287044589327468,2.158000000000001
4.6,4.514661439996753,4.898000000000003
1.9,1.7362964915229575,1.5560000000000005
0.6,1.3812339344429854,0.8879999999999992
3.7,3.4132298571650157,3.3480000000000008
2.3,1.5676269154040807,1.84
1.8,1.6355728828863823,1.7750000000000017
2.8,2.729479319486348,2.991000000000001
3.5,5.803965879910244,4.910999999999998
1.0,2.2160547641441,2.0840000000000005
2.2,1.95057384433012,2.0860000000000007
1.8,0.8730296229804686,1.1119999999999997
1.8,1.564177852774081,1.7150000000000007
4.1,3.1835716292646343,3.484999999999999
0.9,0.8067975235674805,1.0540000000000003
2.6,2.3647513939129507,2.6519999999999984
11.5,9.49932603731323,9.444999999999999
0.4,0.4547712788880429,1.171999999999999
4.2,3.858859865241187,4.408999999999995
2.8,1.4752873317436326,1.1899999999999993
2.6,2.464425003982749,2.3409999999999993
1.9,1.4414525651193084,1.7050000000000012
1.8,3.4149579912090156,3.817999999999999
5.6,5.132352573134287,5.194000000000001
2.1,1.8813845736377544,1.8979999999999992
2.7,2.644149181901536,2.8979999999999997
5.0,4.7527274570933535,5.419000000000007
2.1,2.2946518734579047,2.274999999999998
4.3,3.9082824439291644,3.6200000000000006
2.6,2.5101437808771934,2.359
1.1,1.0063195785620045,1.0769999999999997
2.5,2.4261428994747014,2.612000000000001
1.7,1.4769475577381432,1.6499999999999988
1.8,1.6885546096688584,1.4749999999999992
1.6,1.5652691690000773,1.5639999999999992
2.3,2.284769280823035,2.268999999999999
0.7,0.6358923908708929,0.8239999999999996
2.3,2.3183025060177775,2.211999999999999
1.8,1.5342126038331687,1.6910000000000007
2.4,2.4231128654292933,2.4050000000000007
1.4,1.498151974541268,1.32
2.1,2.7494262092082407,2.345999999999999
3.4,3.091162375592945,3.306
1.3,1.0658333644543925,1.204
4.0,2.400127971777986,3.457000000000004
1.5,1.6564892259164012,1.5929999999999997
3.0,3.020818134077188,3.0110000000000015
1.3,1.0679549620939914,1.269
2.1,2.9383295261260534,2.434999999999997
1.5,1.6176588422085554,1.4909999999999999
0.9,1.1152321021617568,0.8460000000000004
1.6,2.56152925447858,2.2820000000000005
2.3,2.0539700308291167,2.2289999999999996
0.2,1.3478515778550517,0.8540000000000002
1.0,1.1032038304316578,1.0019999999999998
0.7,1.5609537102629663,1.0859999999999996
1.8,2.599292770975496,1.8000000000000032
0.9,1.2350676323851881,0.954
1.0,1.0203737745236925,1.0479999999999994
1.8,1.8875968243982517,1.9480000000000013
2.3,1.695262955733797,2.0260000000000016
2.8,2.918731985955734,3.010000000000001
3.6,2.931097844212653,3.0060000000000002
2.6,2.5917533529919297,2.6900000000000013
2.2,2.218672510366182,2.2430000000000003
1.6,1.8436622460129026,1.5730000000000002
9.9,9.843922377582004,9.322000000000003
1.4,1.346260869870473,1.7220000000000004
1.6,1.9052523884431651,1.6060000000000003
1.8,1.4715630949070813,1.7780000000000018
1.9,2.423115128842147,2.1980000000000017
1.3,1.472795660541548,1.6619999999999997
1.0,1.0242910530377178,1.1009999999999998
2.7,2.7914129513931614,2.9420000000000006
2.2,1.905849060833247,2.283
1.2,1.3863845257864318,1.1209999999999998
1.8,1.9583310450407256,1.9150000000000005
1.2,1.5027222438051577,1.417000000000001
5.5,4.471998856027372,4.745999999999999
3.5,3.2639148455415015,3.3650000000000024
3.4,2.660652784104472,3.146000000000002
2.7,2.5350221368487444,2.699
3.1,3.2683640661775075,3.51
2.9,2.1480630800389298,2.4830000000000005
2.4,2.12640355085753,2.0379999999999994
1.8,2.0950450212417353,1.8530000000000024
1.6,1.954737420017584,1.7280000000000002
0.7,2.009722388290256,1.5790000000000008
1.8,1.9655679962835964,1.7930000000000004
1.2,1.4489533941085053,1.3130000000000004
1.8,1.191565404033566,1.7980000000000018
1.3,1.1755797309831957,1.4639999999999997
1.1,1.1227149838636143,1.0409999999999995
1.6,1.4226670060106676,1.5400000000000005
2.9,2.7472820571619785,2.938000000000002
2.4,2.399147833722868,2.4719999999999995
2.4,1.812322745202032,2.4599999999999977
4.4,4.35143504374286,5.259999999999999
1.6,1.4604872257994974,1.5340000000000003
2.0,2.1813468797481548,2.2379999999999995
0.8,0.8605286786204145,0.8769999999999998
1.8,1.8990060981238863,1.805000000000002
1.8,1.83694153782885,1.9290000000000012
4.3,4.887433256448845,4.688999999999999
1.3,1.2954494921179849,1.29
5.9,5.415474175231443,5.951000000000001
2.6,3.6930996585804943,3.3299999999999987
1.0,0.9577780634639002,0.9789999999999996
1.4,1.371478003012458,1.4070000000000003
1.3,1.366053573987547,1.1819999999999993
1.0,1.1206857812341584,1.0009999999999997
1.4,1.2574685491099624,1.2920000000000005
2.2,1.5772464058454698,1.716999999999999
0.9,0.8957984768938623,1.045
3.4,3.2594409712598837,3.1819999999999995
1.7,1.5862778265591748,1.9250000000000005
2.3,2.0922674121224247,2.1140000000000017
1.3,1.307087359648279,1.2900000000000003
0.9,1.2254827089650737,1.1360000000000003
1.8,2.0841361742635844,1.8640000000000014
1.0,1.0578026886874872,1.3009999999999997
3.9,2.8731218469007436,3.6320000000000014
0.6,0.9762825142827727,0.9119999999999997
1.8,2.212114010644684,1.9439999999999997
1.3,1.1031903839022623,1.2709999999999995
1.1,0.9049242080614628,1.0699999999999996
2.8,2.615842046619118,2.8470000000000004
1.1,1.1753979421622833,1.1490000000000007
2.4,1.8597343120731715,1.9889999999999994
3.0,3.386415853540809,3.2940000000000005
1.0,1.131165753841876,1.077
2.4,2.434431631433793,2.384000000000001
1.8,1.4954598910782164,1.8120000000000016
